date,open,close,high,low,volume,指数
2025-07-30,3608.350,3615.720,3636.170,3593.730,637221916.000,上证指数
2025-07-31,3604.700,3573.210,3606.370,3562.610,654509349.000,上证指数
2025-08-01,3568.260,3559.950,3581.750,3550.040,509563080.000,上证指数
2025-08-04,3547.160,3583.310,3583.310,3547.160,458573618.000,上证指数
2025-08-05,3588.810,3617.600,3617.600,3586.970,499797780.000,上证指数
2025-08-06,3615.810,3633.990,3634.310,3613.990,512467273.000,上证指数
2025-08-07,3637.780,3639.670,3645.120,3622.520,535501202.000,上证指数
2025-08-08,3634.850,3635.130,3645.370,3625.450,526407572.000,上证指数
2025-08-11,3637.050,3647.550,3656.850,3629.630,551393348.000,上证指数
2025-08-12,3647.960,3665.920,3669.040,3647.960,536623739.000,上证指数
2025-08-13,3668.660,3683.460,3688.630,3666.550,613528884.000,上证指数
2025-08-14,3685.520,3666.440,3704.770,3662.570,647829587.000,上证指数
2025-08-15,3659.810,3696.770,3702.260,3658.380,678521703.000,上证指数
2025-08-18,3712.500,3728.030,3745.940,3702.380,776016669.000,上证指数
2025-08-19,3728.490,3727.290,3746.670,3718.150,696099750.000,上证指数
2025-08-20,3716.680,3766.210,3767.430,3704.990,679836426.000,上证指数
2025-08-21,3770.680,3771.100,3787.980,3757.990,691552959.000,上证指数
2025-08-22,3772.280,3825.760,3825.760,3772.280,698136277.000,上证指数
2025-08-25,3848.160,3883.560,3883.560,3839.970,885474802.000,上证指数
2025-08-26,3871.470,3868.380,3888.600,3859.760,734565305.000,上证指数
2025-08-27,3869.610,3800.350,3887.200,3800.350,858633499.000,上证指数
2025-08-28,3796.710,3843.600,3845.090,3761.420,788351947.000,上证指数
2025-08-29,3842.820,3857.930,3867.610,3839.210,739462366.000,上证指数
2025-09-01,3869.750,3875.530,3879.050,3853.660,747709536.000,上证指数
2025-09-02,3877.090,3858.130,3885.310,3828.680,762618833.000,上证指数
2025-09-03,3865.290,3813.560,3868.390,3794.880,645668510.000,上证指数
2025-09-04,3807.760,3765.880,3808.400,3732.840,710227933.000,上证指数
2025-09-05,3761.880,3812.510,3817.160,3745.310,626223380.000,上证指数
2025-09-08,3811.670,3826.840,3833.140,3803.600,660066898.000,上证指数
2025-09-09,3816.660,3807.290,3834.670,3791.720,600239380.000,上证指数
2025-09-10,3806.580,3812.220,3827.000,3794.060,534539825.000,上证指数
2025-09-11,3806.060,3875.310,3875.310,3796.430,617012930.000,上证指数
2025-09-12,3875.510,3870.600,3892.740,3866.540,700641784.000,上证指数
2025-09-15,3876.100,3860.500,3879.740,3855.970,644793944.000,上证指数
2025-09-16,3865.980,3861.870,3876.690,3838.650,673439723.000,上证指数
2025-09-17,3854.070,3876.340,3882.670,3848.950,663434713.000,上证指数
2025-09-18,3876.060,3831.660,3899.960,3801.000,876027389.000,上证指数
2025-09-19,3830.440,3820.090,3843.170,3811.900,682292613.000,上证指数
2025-09-22,3822.010,3828.580,3831.740,3806.200,568325686.000,上证指数
2025-09-23,3830.140,3821.830,3838.610,3774.530,701902868.000,上证指数
2025-09-24,3804.480,3853.640,3854.920,3804.330,602056670.000,上证指数
2025-09-25,3852.430,3853.300,3866.110,3840.460,589950531.000,上证指数
2025-09-26,3839.860,3828.110,3856.610,3828.110,551275335.000,上证指数
2025-09-29,3828.170,3862.530,3881.000,3809.540,608466399.000,上证指数
2025-09-30,3869.700,3882.780,3887.570,3866.280,569734631.000,上证指数
2025-10-09,3898.310,3933.970,3936.580,3885.740,725218501.000,上证指数
2025-10-10,3915.480,3897.030,3933.010,3886.310,718917673.000,上证指数
2025-10-13,3800.110,3889.500,3895.830,3800.110,709506101.000,上证指数
2025-10-14,3910.780,3865.230,3918.440,3851.120,800839631.000,上证指数
2025-10-15,3867.540,3912.210,3912.290,3857.670,645012955.000,上证指数
2025-10-16,3900.680,3916.230,3931.050,3899.170,595451491.000,上证指数
2025-10-17,3912.040,3839.760,3921.060,3835.360,617563018.000,上证指数
2025-10-20,3865.550,3863.890,3877.720,3850.370,549261712.000,上证指数
2025-10-21,3870.750,3916.330,3919.320,3868.150,599415713.000,上证指数
2025-10-22,3896.070,3913.760,3918.590,3893.330,543117344.000,上证指数
2025-10-23,3904.160,3922.410,3926.220,3877.530,565189264.000,上证指数
2025-10-24,3929.120,3950.310,3950.310,3928.960,567858443.000,上证指数
2025-10-27,3969.220,3996.940,3999.070,3963.100,637589545.000,上证指数
2025-10-28,3986.890,3988.220,4010.730,3976.830,577357684.000,上证指数
2025-10-29,3990.270,4016.330,4016.330,3986.940,612917466.000,上证指数
2025-10-30,4007.820,3986.900,4025.700,3984.830,668485609.000,上证指数
2025-10-31,3985.060,3954.790,3986.740,3951.730,675615406.000,上证指数
2025-11-03,3954.080,3976.520,3977.310,3937.020,641245945.000,上证指数
2025-11-04,3973.460,3960.190,3985.880,3938.520,615493792.000,上证指数
2025-11-05,3922.580,3969.250,3979.750,3922.580,614991618.000,上证指数
2025-11-06,3973.350,4007.760,4008.800,3973.350,627367547.000,上证指数
2025-11-07,3994.320,3997.560,4012.010,3993.690,596507034.000,上证指数
2025-11-10,4001.790,4018.600,4018.700,3990.840,634049993.000,上证指数
2025-11-11,4023.880,4002.760,4024.940,3991.520,581994921.000,上证指数
2025-11-12,3996.560,4000.140,4020.380,3980.680,586193228.000,上证指数
2025-11-13,3996.510,4029.500,4030.400,3994.770,613031061.000,上证指数
2025-11-14,4007.130,3990.490,4034.080,3990.310,622017118.000,上证指数
2025-11-17,3988.560,3972.030,3992.400,3958.950,592017950.000,上证指数
2025-11-18,3962.440,3939.810,3966.890,3926.590,594411046.000,上证指数
2025-11-19,3937.920,3946.740,3960.050,3930.070,531149601.000,上证指数
2025-11-20,3960.700,3931.050,3967.970,3927.510,534749540.000,上证指数
2025-11-21,3896.660,3834.890,3912.010,3834.750,631646251.000,上证指数
2025-11-24,3848.660,3836.770,3854.330,3816.580,504601716.000,上证指数
2025-11-25,3850.570,3870.020,3882.030,3845.140,478727611.000,上证指数
2025-11-26,3867.430,3864.180,3879.920,3861.180,457589755.000,上证指数
2025-11-27,3867.200,3875.260,3895.590,3864.130,444021947.000,上证指数
2025-11-28,3870.940,3888.600,3888.890,3856.250,449931973.000,上证指数
2025-12-01,3894.210,3914.010,3914.460,3890.950,537554133.000,上证指数
2025-12-02,3908.460,3897.710,3908.770,3888.330,455584494.000,上证指数
2025-12-03,3894.160,3878.000,3901.700,3869.950,485617270.000,上证指数
2025-12-04,3879.740,3875.790,3888.860,3859.050,445040290.000,上证指数
2025-12-05,3873.120,3902.810,3907.780,3863.310,500368768.000,上证指数
2025-12-08,3909.230,3924.080,3936.310,3904.740,547349789.000,上证指数
2025-12-09,3916.510,3909.520,3923.900,3902.130,524538256.000,上证指数
2025-12-10,3901.130,3900.500,3906.120,3876.470,497331504.000,上证指数
2025-12-11,3903.890,3873.320,3904.960,3862.820,525658600.000,上证指数
2025-12-12,3869.410,3889.350,3891.810,3850.600,573947130.000,上证指数
2025-12-15,3865.400,3867.920,3896.980,3863.630,500922790.000,上证指数
2025-12-16,3861.510,3824.810,3862.430,3815.840,512494827.000,上证指数
2025-12-17,3822.510,3870.280,3881.750,3818.000,512313692.000,上证指数
2025-12-18,3857.260,3876.370,3888.290,3856.420,461172625.000,上证指数
2025-12-19,3878.230,3890.450,3902.670,3871.780,513511893.000,上证指数
2025-12-22,3900.540,3917.360,3920.010,3900.520,522938992.000,上证指数
2025-12-23,3919.110,3919.980,3937.130,3910.740,521156952.000,上证指数
2025-12-24,3920.350,3940.950,3947.040,3912.310,474896447.000,上证指数
2025-12-25,3937.720,3959.620,3964.070,3936.080,469313093.000,上证指数
2025-12-26,3957.830,3963.680,3977.710,3945.520,555489592.000,上证指数
2025-12-29,3964.650,3965.280,3983.980,3956.950,563687197.000,上证指数
2025-12-30,3947.870,3965.120,3979.990,3947.420,525932588.000,上证指数
2025-12-31,3968.730,3968.840,3977.540,3955.490,490751490.000,上证指数
2026-01-05,3986.970,4023.420,4025.260,3983.580,596950455.000,上证指数
2026-01-06,4026.020,4083.670,4083.670,4025.090,702472270.000,上证指数
2026-01-07,4083.840,4085.770,4098.780,4069.440,683384352.000,上证指数
2026-01-08,4077.720,4082.980,4093.870,4067.120,666131337.000,上证指数
2026-01-09,4086.760,4120.430,4121.720,4083.620,729837985.000,上证指数
2026-01-12,4134.890,4165.290,4168.360,4119.880,839456089.000,上证指数
2026-01-13,4169.700,4138.760,4179.700,4126.230,868382717.000,上证指数
2026-01-14,4138.650,4126.090,4190.870,4103.620,952551289.000,上证指数
2026-01-15,4106.220,4112.600,4133.070,4096.850,680250791.000,上证指数
2026-01-16,4127.060,4101.910,4140.230,4091.810,763588465.000,上证指数
2026-01-19,4090.720,4114.000,4126.520,4090.060,688905870.000,上证指数
2026-01-20,4116.370,4113.650,4128.930,4080.290,734362496.000,上证指数
2026-01-21,4103.530,4116.940,4135.960,4103.530,666989507.000,上证指数
2026-01-22,4126.070,4122.580,4140.840,4109.920,709695409.000,上证指数
2026-01-23,4130.110,4136.160,4143.750,4120.200,782115454.000,上证指数
2026-01-26,4144.780,4132.610,4160.990,4124.700,887439731.000,上证指数
2026-01-27,4125.220,4139.900,4158.800,4101.830,754990869.000,上证指数
2026-01-28,4150.220,4151.240,4170.150,4138.020,823026748.000,上证指数
2026-01-29,4155.920,4157.980,4170.210,4138.300,905908371.000,上证指数
2026-01-30,4131.990,4117.950,4152.850,4064.780,804342746.000,上证指数
2026-02-02,4079.710,4015.750,4103.410,4013.660,732953698.000,上证指数
2026-02-03,4043.910,4067.740,4069.420,4002.780,637684249.000,上证指数
2026-02-04,4064.680,4102.200,4104.620,4062.680,674254244.000,上证指数
2026-02-05,4075.030,4075.920,4088.900,4048.940,596722236.000,上证指数
2026-02-06,4040.300,4065.580,4095.030,4029.970,556709801.000,上证指数
2026-02-09,4103.540,4123.090,4123.160,4093.060,572632582.000,上证指数
2026-02-10,4127.770,4128.370,4134.340,4117.560,524620969.000,上证指数
2026-02-11,4124.430,4131.980,4142.560,4122.430,500685278.000,上证指数
2026-02-12,4136.990,4134.020,4140.590,4124.130,529370116.000,上证指数
2026-02-13,4115.920,4082.070,4123.840,4079.770,500799472.000,上证指数
2026-02-24,4129.130,4117.410,4131.550,4105.940,566322249.000,上证指数
2026-02-25,4123.780,4147.230,4167.840,4122.700,724787214.000,上证指数
2026-02-26,4151.070,4146.630,4152.190,4127.150,651702826.000,上证指数
2026-02-27,4128.900,4162.880,4166.230,4128.360,682047646.000,上证指数
2026-03-02,4151.800,4182.590,4188.770,4131.370,861579218.000,上证指数
2026-03-03,4189.410,4122.680,4197.230,4116.010,921139170.000,上证指数
2026-03-04,4087.630,4082.470,4106.040,4055.410,765169531.000,上证指数
2026-03-05,4109.780,4108.570,4125.620,4090.620,689746535.000,上证指数
2026-03-06,4085.900,4124.190,4129.460,4085.900,646765760.000,上证指数
2026-03-09,4098.700,4096.600,4106.530,4052.550,797803556.000,上证指数
2026-03-10,4098.590,4123.140,4123.960,4098.590,674922194.000,上证指数
2026-03-11,4123.670,4133.430,4135.840,4112.800,707727169.000,上证指数
2026-03-12,4133.200,4129.100,4141.650,4103.160,786151182.000,上证指数
2026-03-13,4117.570,4095.450,4134.080,4086.850,792054764.000,上证指数
2026-03-16,4092.250,4084.790,4096.130,4048.090,732227098.000,上证指数
2026-03-17,4086.300,4049.910,4108.400,4049.580,678771224.000,上证指数
2026-03-18,4053.310,4062.980,4065.370,4023.030,623873102.000,上证指数
2026-03-19,4028.540,4006.550,4042.020,3994.170,667255422.000,上证指数
2026-03-20,4004.570,3957.050,4022.700,3955.710,666798387.000,上证指数
2026-03-23,3904.950,3813.280,3906.620,3794.680,804738850.000,上证指数
2026-03-24,3849.630,3881.280,3881.420,3807.990,680622039.000,上证指数
2026-03-25,3892.270,3931.840,3933.060,3891.820,688343626.000,上证指数
2026-03-26,3924.960,3889.080,3937.100,3880.570,615973981.000,上证指数
2026-03-27,3852.090,3913.720,3924.110,3852.090,561342963.000,上证指数
2026-03-30,3884.280,3923.290,3924.290,3872.780,595589479.000,上证指数
2026-03-31,3924.070,3891.860,3948.810,3891.860,606704983.000,上证指数
2026-04-01,3939.570,3948.550,3955.940,3929.920,564611598.000,上证指数
2026-04-02,3940.800,3919.290,3952.580,3900.120,544212835.000,上证指数
2026-04-03,3927.590,3880.100,3929.530,3871.300,492699082.000,上证指数
2026-04-07,3884.150,3890.160,3902.610,3875.680,473615076.000,上证指数
2026-04-08,3930.250,3995.000,3995.000,3926.250,644135352.000,上证指数
2026-04-09,3967.630,3966.170,3979.130,3955.250,541569801.000,上证指数
2026-04-10,3985.460,3986.220,4011.020,3979.810,546415541.000,上证指数
2026-04-13,3971.200,3988.560,3991.260,3966.200,545781768.000,上证指数
2026-04-14,4006.730,4026.630,4026.630,3992.410,570259003.000,上证指数
2026-04-15,4039.470,4027.210,4050.620,4020.900,569458589.000,上证指数
2026-04-16,4030.140,4055.550,4057.830,4028.910,545876967.000,上证指数
2026-04-17,4043.380,4051.430,4058.600,4038.430,548791406.000,上证指数
2026-04-20,4053.370,4082.130,4083.190,4051.690,589841379.000,上证指数
2026-04-21,4075.850,4085.080,4086.640,4062.130,576689450.000,上证指数
2026-04-22,4074.810,4106.260,4106.840,4074.680,582466346.000,上证指数
2026-04-23,4110.790,4093.250,4114.840,4070.460,671166092.000,上证指数
2026-04-24,4081.030,4079.900,4092.610,4061.150,605031798.000,上证指数
2026-04-27,4074.810,4086.340,4092.830,4071.080,589950867.000,上证指数
2026-04-28,4076.140,4078.640,4090.200,4062.870,600507498.000,上证指数
2026-04-29,4061.820,4107.510,4112.150,4061.820,614221451.000,上证指数
2026-04-30,4107.300,4112.160,4118.760,4100.970,656912728.000,上证指数
2026-05-06,4135.450,4160.170,4166.150,4129.910,701177480.000,上证指数
2026-05-07,4168.450,4180.090,4180.210,4163.140,685574249.000,上证指数
2026-05-08,4163.850,4179.950,4183.060,4154.250,697019094.000,上证指数
2026-05-11,4201.350,4225.020,4229.580,4186.080,762736287.000,上证指数
2026-05-12,4229.280,4214.490,4230.180,4199.340,718984002.000,上证指数
2026-05-13,4192.310,4242.570,4245.070,4192.310,705018739.000,上证指数
2026-05-14,4256.160,4177.920,4258.860,4177.920,764235004.000,上证指数
2026-05-15,4174.180,4135.390,4191.810,4114.090,733162357.000,上证指数
2026-05-18,4120.140,4131.530,4145.660,4108.600,627233137.000,上证指数
2026-05-19,4122.960,4169.540,4170.290,4107.990,617611067.000,上证指数
2026-05-20,4152.700,4162.180,4169.850,4139.970,624152035.000,上证指数
2026-05-21,4174.380,4077.280,4199.530,4074.220,727218701.000,上证指数
2026-05-22,4096.170,4112.900,4120.090,4067.750,589459644.000,上证指数
2026-05-25,4126.340,4152.570,4153.880,4119.800,615930861.000,上证指数
2026-05-26,4137.320,4145.370,4150.290,4104.460,654777756.000,上证指数
2026-05-27,4138.810,4093.730,4153.560,4077.620,660467399.000,上证指数
2026-05-28,4080.300,4098.640,4110.780,4055.830,621179950.000,上证指数
2026-05-29,4110.520,4068.570,4112.960,4055.890,731597710.000,上证指数
2026-06-01,4067.160,4057.740,4093.040,4045.690,676025806.000,上证指数
2026-06-02,4061.460,4075.100,4089.570,4032.580,642244656.000,上证指数
2026-06-03,4068.340,4083.970,4107.050,4059.910,668452583.000,上证指数
2026-06-04,4053.670,4057.780,4080.720,4043.430,621194774.000,上证指数
2026-06-05,4044.830,4027.740,4078.930,4015.060,662918577.000,上证指数
2026-06-08,3938.710,3959.340,4007.490,3927.850,659293555.000,上证指数
2026-06-09,3977.540,4010.030,4010.870,3955.910,576570090.000,上证指数
2026-06-10,3985.120,3993.230,4006.310,3963.440,598694739.000,上证指数
2026-06-11,3979.710,3987.010,3997.480,3958.440,568545244.000,上证指数
2026-06-12,4017.860,4031.510,4060.270,4008.180,743131092.000,上证指数
2026-06-15,4053.580,4096.470,4097.170,4051.070,678907811.000,上证指数
2026-06-16,4094.210,4091.890,4103.930,4077.870,615668296.000,上证指数
2026-06-17,4074.290,4108.080,4109.960,4073.730,608077413.000,上证指数
2026-06-18,4094.230,4090.480,4117.450,4080.290,658116068.000,上证指数
2026-06-22,4093.950,4163.100,4164.420,4070.170,743699355.000,上证指数
2026-06-23,4153.590,4106.250,4175.350,4085.590,709003913.000,上证指数
2026-06-24,4090.100,4110.810,4117.280,4075.490,644527518.000,上证指数
2026-06-25,4103.480,4120.280,4133.100,4093.010,670459917.000,上证指数
2026-06-26,4098.690,4027.260,4099.780,4007.860,660108666.000,上证指数
2026-06-29,4026.690,4073.900,4075.330,3992.550,659199936.000,上证指数
2026-06-30,4058.170,4094.400,4097.420,4052.170,598412203.000,上证指数
2026-07-01,4090.760,4112.450,4143.310,4087.540,672331791.000,上证指数
2026-07-02,4054.090,4028.900,4093.680,4019.210,656233612.000,上证指数
2026-07-03,4031.340,4043.640,4073.880,4027.260,602009738.000,上证指数
2026-07-06,4059.190,4041.240,4060.070,4005.410,590364903.000,上证指数
2026-07-07,4019.490,3990.240,4028.510,3971.710,514453091.000,上证指数
2026-07-08,3996.810,3970.880,4016.030,3967.910,496229374.000,上证指数
2026-07-09,3977.550,4036.590,4040.540,3938.880,553063980.000,上证指数
2026-07-10,4031.540,3996.160,4074.830,3995.810,627450065.000,上证指数
2026-07-13,3966.020,3913.790,3983.050,3900.670,590907356.000,上证指数
2026-07-14,3909.270,3967.130,3967.130,3869.300,579982052.000,上证指数
2026-07-15,3963.730,3955.580,3981.670,3943.700,576209492.000,上证指数
2026-07-16,3912.380,3882.410,3940.450,3867.600,535281873.000,上证指数
2026-07-17,3865.320,3764.150,3869.210,3745.170,650450984.000,上证指数
2026-07-20,3791.660,3796.280,3831.660,3741.110,709234069.000,上证指数
2026-07-21,3812.160,3864.370,3864.600,3743.360,735021925.000,上证指数
2026-07-22,3839.670,3867.030,3884.440,3839.670,614255215.000,上证指数
2026-07-23,3868.090,3876.780,3878.830,3851.710,562122601.000,上证指数
2026-07-24,3853.630,3814.200,3861.040,3808.640,508203905.000,上证指数
2026-07-27,3808.900,3858.250,3858.310,3793.450,504879454.000,上证指数
2026-07-28,3823.130,3813.310,3844.010,3797.370,494829126.000,上证指数
2026-07-29,3823.290,3828.470,3845.770,3782.480,571226391.000,上证指数
2026-07-30,3812.110,3804.690,3839.340,3767.500,592298923.000,上证指数
2026-07-31,3833.540,3832.260,3847.090,3822.370,597529427.000,上证指数
2026-08-03,3812.610,3809.660,3827.640,3797.640,524516960.000,上证指数
2026-08-04,3816.370,3822.280,3831.940,3799.520,540324922.000,上证指数
2026-08-05,3815.120,3878.430,3884.400,3815.120,592155124.000,上证指数
2026-08-06,3864.270,3900.350,3902.050,3864.270,588555280.000,上证指数
2026-08-07,3896.490,3940.040,3940.930,3885.620,564988582.000,上证指数
2026-08-10,3943.820,3966.590,3967.590,3938.630,542118110.000,上证指数
2026-08-11,3950.710,3934.090,3966.390,3930.640,529490944.000,上证指数
2026-08-12,3933.550,3946.680,3950.620,3927.550,503257011.000,上证指数
2026-08-13,3957.160,3926.960,3968.480,3924.640,572793677.000,上证指数
2026-08-14,3930.020,3927.180,3932.640,3903.700,499525613.000,上证指数
2026-08-17,3930.100,3982.650,3983.510,3924.470,489834027.000,上证指数
2026-08-18,3979.490,3990.300,3994.180,3955.600,511234287.000,上证指数
2026-08-19,3952.120,3894.420,3961.140,3879.580,572191213.000,上证指数
2026-08-20,3907.210,3903.720,3925.060,3888.100,506633954.000,上证指数
2026-08-21,3891.180,3905.200,3912.130,3883.790,446895868.000,上证指数
2026-08-24,3902.700,3882.010,3910.240,3855.350,486931412.000,上证指数
2025-07-30,11262.980,11203.030,11307.620,11127.000,713948130.000,深证成指
2025-07-31,11208.460,11009.770,11223.640,10976.210,741311343.000,深证成指
2025-08-01,11001.250,10991.320,11068.310,10919.890,624304840.000,深证成指
2025-08-04,10932.620,11041.560,11041.560,10928.490,588265628.000,深证成指
2025-08-05,11078.580,11106.960,11106.960,11041.470,637905912.000,深证成指
2025-08-06,11091.830,11177.780,11177.880,11086.720,695936984.000,深证成指
2025-08-07,11189.490,11157.940,11229.590,11089.580,711415718.000,深证成指
2025-08-08,11136.340,11128.670,11184.550,11108.460,681934695.000,深证成指
2025-08-11,11159.030,11291.430,11311.880,11159.030,713852946.000,深证成指
2025-08-12,11292.460,11351.630,11351.630,11255.480,709632720.000,深证成指
2025-08-13,11371.080,11551.360,11558.590,11362.900,795541705.000,深证成指
2025-08-14,11557.000,11451.430,11607.410,11417.930,867991462.000,深证成指
2025-08-15,11419.280,11634.670,11647.390,11419.280,798946151.000,深证成指
2025-08-18,11690.940,11835.570,11919.570,11642.590,1002271708.000,深证成指
2025-08-19,11827.900,11821.630,11908.680,11774.920,943169649.000,深证成指
2025-08-20,11749.990,11926.740,11926.740,11677.850,894032919.000,深证成指
2025-08-21,11965.800,11919.760,12011.780,11865.460,915642356.000,深证成指
2025-08-22,11902.040,12166.060,12167.280,11902.040,891655701.000,深证成指
2025-08-25,12291.120,12441.070,12477.970,12246.560,1070803277.000,深证成指
2025-08-26,12398.810,12473.170,12561.490,12361.490,968856013.000,深证成指
2025-08-27,12483.190,12295.070,12665.360,12295.070,1143640219.000,深证成指
2025-08-28,12254.270,12571.370,12571.370,12199.940,1060772709.000,深证成指
2025-08-29,12568.630,12696.150,12791.180,12508.970,900391593.000,深证成指
2025-09-01,12773.220,12828.950,12830.180,12663.340,906187103.000,深证成指
2025-09-02,12817.030,12553.840,12857.160,12450.460,991083796.000,深证成指
2025-09-03,12599.960,12472.000,12669.800,12393.090,856848815.000,深证成指
2025-09-04,12526.300,12118.700,12580.090,11967.570,899356047.000,深证成指
2025-09-05,12140.760,12590.560,12597.890,12085.540,816494226.000,深证成指
2025-09-08,12631.980,12666.840,12689.170,12511.420,822135722.000,深证成指
2025-09-09,12598.290,12510.600,12653.870,12434.840,758347025.000,深证成指
2025-09-10,12511.080,12557.680,12621.190,12415.190,716827859.000,深证成指
2025-09-11,12570.870,12979.890,12979.890,12516.350,835692601.000,深证成指
2025-09-12,12941.260,12924.130,13048.520,12905.470,868290492.000,深证成指
2025-09-15,12971.430,13005.770,13098.780,12943.400,798311125.000,深证成指
2025-09-16,13017.580,13063.970,13071.220,12863.820,889464182.000,深证成指
2025-09-17,13062.640,13215.460,13226.200,13004.380,853571717.000,深证成指
2025-09-18,13161.150,13075.660,13328.100,12915.970,1073527791.000,深证成指
2025-09-19,13074.910,13070.860,13182.600,13016.060,819563965.000,深证成指
2025-09-22,13119.830,13157.970,13157.970,13006.360,722197293.000,深证成指
2025-09-23,13246.930,13119.820,13267.900,12875.330,860542094.000,深证成指
2025-09-24,13037.080,13356.140,13356.140,13009.640,727766643.000,深证成指
2025-09-25,13333.020,13445.900,13529.330,13295.530,740441210.000,深证成指
2025-09-26,13394.790,13209.000,13453.860,13205.630,694451360.000,深证成指
2025-09-29,13248.200,13479.430,13531.980,13239.730,675803476.000,深证成指
2025-09-30,13504.650,13526.510,13598.180,13460.320,658434833.000,深证成指
2025-10-09,13598.350,13725.560,13806.690,13565.290,796986885.000,深证成指
2025-10-10,13633.190,13355.420,13644.510,13304.600,780098602.000,深证成指
2025-10-13,12837.250,13231.470,13256.510,12837.250,742486462.000,深证成指
2025-10-14,13369.560,12895.110,13405.510,12844.020,781349621.000,深证成指
2025-10-15,12919.270,13118.750,13123.280,12817.890,664972505.000,深证成指
2025-10-16,13064.260,13086.410,13218.170,13033.370,630427150.000,深证成指
2025-10-17,13060.240,12688.940,13091.760,12677.440,667473475.000,深证成指
2025-10-20,12877.700,12813.210,12948.320,12742.840,582877736.000,深证成指
2025-10-21,12880.170,13077.320,13100.080,12848.320,635613700.000,深证成指
2025-10-22,12985.960,12996.610,13078.640,12932.010,593388178.000,深证成指
2025-10-23,12959.420,13025.450,13042.340,12803.860,614713854.000,深证成指
2025-10-24,13091.340,13289.180,13289.180,13091.340,652544989.000,深证成指
2025-10-27,13448.920,13489.400,13510.710,13346.810,724022532.000,深证成指
2025-10-28,13411.670,13430.100,13572.900,13375.320,682532176.000,深证成指
2025-10-29,13484.010,13691.380,13691.380,13475.650,730709746.000,深证成指
2025-10-30,13661.610,13532.130,13700.250,13509.240,773249173.000,深证成指
2025-10-31,13517.170,13378.210,13618.150,13378.210,745760929.000,深证成指
2025-11-03,13364.420,13404.060,13404.060,13158.310,716885878.000,深证成指
2025-11-04,13373.550,13175.220,13399.920,13094.210,682919687.000,深证成指
2025-11-05,12953.840,13223.560,13273.240,12953.840,702201489.000,深证成指
2025-11-06,13272.470,13452.420,13468.400,13272.470,708963303.000,深证成指
2025-11-07,13380.350,13404.060,13496.700,13322.610,700567747.000,深证成指
2025-11-10,13453.370,13427.610,13502.160,13306.660,757097254.000,深证成指
2025-11-11,13476.250,13289.010,13493.170,13271.670,733580236.000,深证成指
2025-11-12,13240.700,13240.620,13312.530,13120.710,731002670.000,深证成指
2025-11-13,13228.500,13476.520,13488.630,13222.780,748084542.000,深证成指
2025-11-14,13323.450,13216.030,13394.060,13216.030,769416240.000,深证成指
2025-11-17,13200.540,13202.000,13251.780,13137.280,748687701.000,深证成指
2025-11-18,13161.700,13080.490,13223.120,13022.440,788847183.000,深证成指
2025-11-19,13071.940,13080.090,13164.970,13009.010,695235914.000,深证成指
2025-11-20,13215.070,12980.820,13226.040,12970.560,673147681.000,深证成指
2025-11-21,12752.720,12538.070,12812.380,12538.070,811578933.000,深证成指
2025-11-24,12605.130,12585.080,12655.290,12448.320,689953294.000,深证成指
2025-11-25,12692.090,12777.310,12882.810,12684.290,699842031.000,深证成指
2025-11-26,12769.930,12907.830,13012.330,12749.020,686733778.000,深证成指
2025-11-27,12903.910,12875.190,13082.770,12863.260,637558377.000,深证成指
2025-11-28,12869.660,12984.080,13000.070,12834.080,611391069.000,深证成指
2025-12-01,13038.160,13146.720,13149.400,12993.890,694440764.000,深证成指
2025-12-02,13130.070,13056.700,13132.810,13011.110,643851126.000,深证成指
2025-12-03,13071.160,12955.250,13126.670,12922.680,691706047.000,深证成指
2025-12-04,12957.800,13006.720,13042.960,12881.560,634198084.000,深证成指
2025-12-05,13020.290,13147.680,13164.480,12938.350,669303065.000,深证成指
2025-12-08,13178.960,13329.990,13389.670,13178.960,729089825.000,深证成指
2025-12-09,13295.620,13277.360,13398.250,13227.770,688045902.000,深证成指
2025-12-10,13251.270,13316.420,13344.850,13126.210,676290971.000,深证成指
2025-12-11,13333.290,13147.390,13388.260,13147.390,705369907.000,深证成指
2025-12-12,13174.450,13258.330,13284.270,13085.420,700998215.000,深证成指
2025-12-15,13150.430,13112.090,13244.030,13111.380,627285731.000,深证成指
2025-12-16,13084.880,12914.670,13113.990,12851.220,664521844.000,深证成指
2025-12-17,12927.390,13224.510,13254.810,12927.390,653501697.000,深证成指
2025-12-18,13112.610,13053.970,13205.220,13053.970,590116207.000,深证成指
2025-12-19,13116.190,13140.210,13217.440,13070.730,657127412.000,深证成指
2025-12-22,13225.400,13332.730,13349.080,13225.400,653549135.000,深证成指
2025-12-23,13338.930,13368.990,13447.290,13305.760,674894658.000,深证成指
2025-12-24,13378.480,13486.420,13497.100,13347.760,640440440.000,深证成指
2025-12-25,13472.700,13531.410,13563.060,13407.370,660794063.000,深证成指
2025-12-26,13539.050,13603.890,13674.870,13517.800,741292910.000,深证成指
2025-12-29,13604.300,13537.100,13650.700,13494.960,713871413.000,深证成指
2025-12-30,13466.300,13604.070,13645.560,13465.670,716223366.000,深证成指
2025-12-31,13627.260,13525.020,13642.530,13491.680,713396441.000,深证成指
2026-01-05,13633.630,13828.630,13828.970,13633.630,830357123.000,深证成指
2026-01-06,13830.300,14022.550,14024.120,13827.790,931832648.000,深证成指
2026-01-07,14062.020,14030.560,14111.180,13935.530,913575189.000,深证成指
2026-01-08,13971.890,13959.480,14033.590,13883.810,920288378.000,深证成指
2026-01-09,13917.780,14120.150,14139.540,13917.780,1013527536.000,深证成指
2026-01-12,14186.860,14366.910,14391.280,14089.590,1152643528.000,深证成指
2026-01-13,14397.680,14169.400,14458.880,14113.170,1195102024.000,深证成指
2026-01-14,14194.110,14248.600,14459.210,14099.980,1312118729.000,深证成指
2026-01-15,14158.660,14306.730,14328.600,14155.500,971527612.000,深证成指
2026-01-16,14374.540,14281.080,14424.350,14257.590,906894526.000,深证成指
2026-01-19,14221.930,14294.050,14392.880,14221.930,832205019.000,深证成指
2026-01-20,14307.550,14155.630,14337.120,14033.220,881921909.000,深证成指
2026-01-21,14102.210,14255.130,14320.940,14102.210,793387853.000,深证成指
2026-01-22,14313.630,14327.050,14374.510,14223.340,822514300.000,深证成指
2026-01-23,14349.010,14439.660,14449.840,14320.510,982699102.000,深证成指
2026-01-26,14492.420,14316.640,14532.900,14277.670,1023228090.000,深证成指
2026-01-27,14283.780,14329.910,14403.600,14105.130,909686276.000,深证成指
2026-01-28,14371.960,14342.890,14411.650,14234.890,883025460.000,深证成指
2026-01-29,14332.700,14300.080,14418.090,14252.200,993915564.000,深证成指
2026-01-30,14214.140,14205.890,14291.570,13923.950,902322925.000,深证成指
2026-02-02,14128.870,13824.350,14213.610,13815.280,811142364.000,深证成指
2026-02-03,13986.890,14127.110,14129.600,13815.230,782910934.000,深证成指
2026-02-04,14072.410,14156.270,14173.770,13958.080,815238780.000,深证成指
2026-02-05,14020.840,13952.710,14074.360,13874.020,726225381.000,深证成指
2026-02-06,13801.030,13906.730,14065.780,13726.860,730349548.000,深证成指
2026-02-09,14115.140,14208.440,14211.700,14060.670,726369602.000,深证成指
2026-02-10,14200.760,14210.630,14258.510,14165.430,733002884.000,深证成指
2026-02-11,14186.650,14160.930,14250.340,14156.160,681933201.000,深证成指
2026-02-12,14177.970,14283.000,14296.480,14177.290,696259702.000,深证成指
2026-02-13,14188.350,14100.190,14258.830,14092.840,640639616.000,深证成指
2026-02-24,14313.860,14291.570,14376.960,14214.410,712425990.000,深证成指
2026-02-25,14322.240,14475.870,14512.850,14314.150,793688511.000,深证成指
2026-02-26,14495.860,14503.790,14536.080,14408.880,793134075.000,深证成指
2026-02-27,14375.250,14495.090,14497.960,14366.350,781109596.000,深证成指
2026-03-02,14327.650,14465.790,14509.690,14285.670,933794647.000,深证成指
2026-03-03,14498.700,14022.390,14526.060,14007.650,970658945.000,深证成指
2026-03-04,13854.370,13917.750,14112.020,13854.370,740464019.000,深证成指
2026-03-05,14160.200,14088.840,14202.760,13999.700,758966477.000,深证成指
2026-03-06,14015.540,14172.630,14212.840,13969.340,729278913.000,深证成指
2026-03-09,13920.290,14067.500,14103.630,13701.670,837345656.000,深证成指
2026-03-10,14239.300,14354.070,14357.820,14239.300,736222902.000,深证成指
2026-03-11,14373.740,14465.410,14531.020,14373.010,770973777.000,深证成指
2026-03-12,14457.630,14374.870,14478.050,14245.770,768805142.000,深证成指
2026-03-13,14300.920,14280.780,14454.310,14245.960,774225691.000,深证成指
2026-03-16,14291.150,14307.580,14320.100,14097.820,753016186.000,深证成指
2026-03-17,14370.450,14039.730,14400.360,14039.500,753197038.000,深证成指
2026-03-18,14108.920,14187.800,14203.910,13944.370,666055598.000,深证成指
2026-03-19,14003.700,13901.570,14098.690,13852.600,679341018.000,深证成指
2026-03-20,14021.460,13866.200,14144.990,13856.490,734132051.000,深证成指
2026-03-23,13619.940,13345.510,13758.970,13274.180,852353152.000,深证成指
2026-03-24,13514.670,13536.560,13536.560,13169.250,731464361.000,深证成指
2026-03-25,13669.050,13801.000,13835.030,13666.840,723433703.000,深证成指
2026-03-26,13756.870,13606.440,13853.100,13573.120,667004907.000,深证成指
2026-03-27,13423.510,13760.370,13842.400,13419.310,630568985.000,深证成指
2026-03-30,13618.790,13726.190,13748.210,13536.560,653413030.000,深证成指
2026-03-31,13683.680,13478.060,13783.970,13478.060,664490771.000,深证成指
2026-04-01,13731.390,13706.520,13740.970,13603.790,655763382.000,深证成指
2026-04-02,13658.250,13486.940,13680.630,13418.500,636038710.000,深证成指
2026-04-03,13553.650,13352.900,13558.910,13345.610,586572227.000,深证成指
2026-04-07,13392.940,13400.410,13476.080,13305.510,540630597.000,深证成指
2026-04-08,13717.220,14042.500,14042.500,13694.910,748327010.000,深证成指
2026-04-09,13928.430,13996.270,14058.050,13891.480,653026389.000,深证成指
2026-04-10,14098.020,14309.470,14382.610,14095.880,668726169.000,深证成指
2026-04-13,14233.110,14407.860,14440.260,14233.110,623636577.000,深证成指
2026-04-14,14514.690,14639.950,14640.770,14463.930,683376964.000,深证成指
2026-04-15,14736.010,14498.450,14738.530,14440.210,697369584.000,深证成指
2026-04-16,14546.350,14796.330,14807.160,14522.860,686456018.000,深证成指
2026-04-17,14806.280,14885.420,14916.390,14787.870,695914499.000,深证成指
2026-04-20,14870.900,14966.750,15006.920,14845.970,723332086.000,深证成指
2026-04-21,14920.380,14982.140,15017.750,14774.080,701150038.000,深证成指
2026-04-22,14897.960,15177.290,15182.820,14897.960,698955593.000,深证成指
2026-04-23,15234.220,15043.450,15248.430,14934.680,761022818.000,深证成指
2026-04-24,14951.740,14940.300,15033.670,14795.220,709729439.000,深证成指
2026-04-27,14960.020,14995.750,15054.460,14919.220,709930001.000,深证成指
2026-04-28,14925.220,14830.460,14943.360,14772.460,723727547.000,深证成指
2026-04-29,14751.420,15120.920,15139.710,14751.420,736380398.000,深证成指
2026-04-30,15157.070,15107.550,15186.120,15044.860,737703743.000,深证成指
2026-05-06,15323.190,15459.620,15534.670,15254.990,826248677.000,深证成指
2026-05-07,15541.300,15641.890,15652.580,15439.480,844489884.000,深证成指
2026-05-08,15520.380,15563.800,15639.390,15466.840,826218480.000,深证成指
2026-05-11,15697.440,15899.300,15921.650,15622.330,911634859.000,深证成指
2026-05-12,15952.790,15824.920,15952.790,15711.270,847817149.000,深证成指
2026-05-13,15713.540,16089.750,16100.460,15713.540,827341429.000,深证成指
2026-05-14,16202.220,15745.740,16207.750,15745.740,873525492.000,深证成指
2026-05-15,15753.190,15561.370,15855.550,15447.400,849695631.000,深证成指
2026-05-18,15465.300,15530.230,15658.110,15419.040,738305604.000,深证成指
2026-05-19,15469.360,15569.910,15585.040,15221.350,731216529.000,深证成指
2026-05-20,15487.430,15569.980,15622.210,15426.380,726217958.000,深证成指
2026-05-21,15707.960,15247.270,15894.300,15232.600,878984174.000,深证成指
2026-05-22,15382.290,15597.300,15624.970,15295.570,763067278.000,深证成指
2026-05-25,15716.390,15856.610,15857.080,15547.160,781225873.000,深证成指
2026-05-26,15786.820,15876.160,15894.550,15662.160,823273532.000,深证成指
2026-05-27,15868.900,15736.470,16047.410,15656.650,815871163.000,深证成指
2026-05-28,15691.160,15861.890,15889.830,15504.790,747849432.000,深证成指
2026-05-29,15957.120,15575.130,15981.930,15492.840,848879728.000,深证成指
2026-06-01,15601.030,15340.360,15717.450,15316.020,760393033.000,深证成指
2026-06-02,15410.700,15591.130,15664.390,15203.800,737350307.000,深证成指
2026-06-03,15646.690,15704.710,15962.360,15542.660,792737877.000,深证成指
2026-06-04,15540.060,15661.570,15745.190,15517.940,718939421.000,深证成指
2026-06-05,15595.700,15314.700,15710.140,15243.510,818251186.000,深证成指
2026-06-08,14835.370,14821.190,15137.750,14681.640,788640863.000,深证成指
2026-06-09,14992.550,15268.710,15274.720,14846.550,718050679.000,深证成指
2026-06-10,15062.510,14954.100,15149.370,14817.110,710462329.000,深证成指
2026-06-11,14889.570,14851.980,15062.750,14706.090,669817686.000,深证成指
2026-06-12,15149.520,14963.410,15171.220,14943.430,792336423.000,深证成指
2026-06-15,15153.180,15531.110,15531.110,15055.950,757054683.000,深证成指
2026-06-16,15584.370,15675.250,15761.000,15537.500,754828802.000,深证成指
2026-06-17,15569.920,15880.950,15885.490,15569.920,745916232.000,深证成指
2026-06-18,15826.790,16030.700,16104.770,15825.320,764976920.000,深证成指
2026-06-22,16095.630,16372.500,16374.020,15914.050,876768616.000,深证成指
2026-06-23,16324.240,15854.200,16355.950,15756.410,808549306.000,深证成指
2026-06-24,15782.400,16051.320,16068.410,15730.160,790758052.000,深证成指
2026-06-25,16099.760,16344.080,16359.620,16058.850,830961769.000,深证成指
2026-06-26,16211.410,15782.220,16215.450,15728.840,837034655.000,深证成指
2026-06-29,15781.790,15812.870,15938.230,15487.920,808457859.000,深证成指
2026-06-30,15811.670,16205.560,16232.230,15809.650,745149838.000,深证成指
2026-07-01,16226.970,16119.170,16332.480,15988.420,873614867.000,深证成指
2026-07-02,15729.920,15498.810,15886.700,15453.520,857269760.000,深证成指
2026-07-03,15480.120,15597.510,15823.050,15432.890,785895029.000,深证成指
2026-07-06,15677.930,15416.800,15749.360,15288.490,768142319.000,深证成指
2026-07-07,15345.390,15225.110,15461.370,15081.920,678476454.000,深证成指
2026-07-08,15269.820,14939.730,15292.120,14907.620,654790391.000,深证成指
2026-07-09,15038.470,15398.730,15419.120,14781.240,716541158.000,深证成指
2026-07-10,15480.410,15046.670,15581.940,15046.670,828811174.000,深证成指
2026-07-13,14908.980,14522.850,14997.070,14437.070,733844798.000,深证成指
2026-07-14,14532.360,14924.870,14924.870,14338.360,674840592.000,深证成指
2026-07-15,14970.770,14779.400,15041.330,14741.800,688984096.000,深证成指
2026-07-16,14497.430,14488.650,14780.460,14386.410,665968453.000,深证成指
2026-07-17,14348.220,13706.880,14350.470,13586.490,763770395.000,深证成指
2026-07-20,13869.060,13610.230,13972.990,13342.930,772878368.000,深证成指
2026-07-21,13656.080,14264.290,14264.800,13364.410,835911335.000,深证成指
2026-07-22,14169.970,14061.440,14360.370,13988.510,681366334.000,深证成指
2026-07-23,14116.020,14123.310,14203.640,13991.830,625578724.000,深证成指
2026-07-24,13915.040,13774.680,14061.030,13774.680,568710893.000,深证成指
2026-07-27,13768.600,14148.730,14148.730,13689.010,571360929.000,深证成指
2026-07-28,13830.350,13509.680,13940.990,13470.110,573579930.000,深证成指
2026-07-29,13498.750,13658.440,13756.710,13267.640,675056731.000,深证成指
2026-07-30,13531.070,13285.800,13619.030,13068.560,686984750.000,深证成指
2026-07-31,13690.000,13578.930,13841.960,13578.930,719395944.000,深证成指
2026-08-03,13497.100,13448.290,13570.510,13407.990,618828696.000,深证成指
2026-08-04,13572.950,13885.710,13936.520,13537.760,664836577.000,深证成指
2026-08-05,13644.830,14144.200,14246.380,13644.830,732409197.000,深证成指
2026-08-06,13981.440,14110.120,14252.140,13922.410,716171979.000,深证成指
2026-08-07,14152.780,14311.010,14396.070,14049.340,719703760.000,深证成指
2026-08-10,14348.950,14316.960,14373.770,14102.660,687533827.000,深证成指
2026-08-11,14266.440,14259.440,14447.100,14201.290,643011992.000,深证成指
2026-08-12,14253.120,14414.430,14467.000,14237.200,625395865.000,深证成指
2026-08-13,14536.480,14289.440,14584.300,14289.010,738110176.000,深证成指
2026-08-14,14335.410,14354.310,14384.180,14203.990,642557319.000,深证成指
2026-08-17,14399.200,14704.270,14704.550,14348.470,641864873.000,深证成指
2026-08-18,14692.030,14622.500,14733.900,14459.720,674616023.000,深证成指
2026-08-19,14316.980,13890.150,14367.370,13842.320,696873243.000,深证成指
2026-08-20,14032.970,13972.780,14101.140,13870.180,596570236.000,深证成指
2026-08-21,13935.640,14094.170,14132.040,13866.390,543953914.000,深证成指
2026-08-24,14118.020,13794.290,14118.150,13616.750,563532457.000,深证成指
2025-07-30,2395.860,2367.680,2395.890,2349.180,250304909.000,创业板指
2025-07-31,2382.970,2328.310,2394.220,2321.720,252753645.000,创业板指
2025-08-01,2323.920,2322.630,2348.020,2304.390,228168384.000,创业板指
2025-08-04,2307.370,2334.320,2334.430,2304.480,211838848.000,创业板指
2025-08-05,2349.440,2343.380,2351.000,2323.740,225177287.000,创业板指
2025-08-06,2335.950,2358.950,2359.820,2335.950,254893313.000,创业板指
2025-08-07,2359.420,2342.860,2372.680,2322.810,257978554.000,创业板指
2025-08-08,2338.250,2333.960,2353.990,2330.010,243495473.000,创业板指
2025-08-11,2336.930,2379.820,2384.860,2336.930,244909805.000,创业板指
2025-08-12,2381.160,2409.400,2409.400,2368.810,244883792.000,创业板指
2025-08-13,2417.470,2496.500,2497.860,2414.480,272434252.000,创业板指
2025-08-14,2496.630,2469.660,2513.370,2463.860,293131579.000,创业板指
2025-08-15,2464.670,2534.220,2541.890,2464.670,280039651.000,创业板指
2025-08-18,2549.550,2606.200,2633.860,2529.250,361326575.000,创业板指
2025-08-19,2596.580,2601.740,2634.600,2586.950,324363016.000,创业板指
2025-08-20,2572.010,2607.650,2608.000,2547.440,283145029.000,创业板指
2025-08-21,2614.910,2595.470,2626.370,2582.050,292433377.000,创业板指
2025-08-22,2587.530,2682.550,2683.900,2587.530,293811031.000,创业板指
2025-08-25,2720.280,2762.990,2782.010,2700.280,352036541.000,创业板指
2025-08-26,2747.110,2742.130,2773.240,2726.720,307531115.000,创业板指
2025-08-27,2747.500,2723.200,2822.270,2723.200,363608516.000,创业板指
2025-08-28,2707.340,2827.170,2827.170,2707.340,341026597.000,创业板指
2025-08-29,2828.010,2890.130,2933.990,2809.320,284075157.000,创业板指
2025-09-01,2914.640,2956.370,2958.140,2886.730,276014321.000,创业板指
2025-09-02,2951.030,2872.220,2979.730,2839.920,300447509.000,创业板指
2025-09-03,2882.840,2899.370,2926.780,2859.510,244128872.000,创业板指
2025-09-04,2933.680,2776.250,2956.410,2741.080,256229516.000,创业板指
2025-09-05,2789.910,2958.180,2962.470,2775.170,241521965.000,创业板指
2025-09-08,2964.430,2933.250,2964.430,2883.260,246417816.000,创业板指
2025-09-09,2901.290,2867.970,2924.580,2843.670,216032269.000,创业板指
2025-09-10,2890.050,2904.270,2926.160,2860.260,201444180.000,创业板指
2025-09-11,2917.770,3053.750,3053.750,2899.830,247034712.000,创业板指
2025-09-12,3024.100,3020.420,3056.530,3009.900,244051798.000,创业板指
2025-09-15,3052.060,3066.180,3106.880,3044.690,224871259.000,创业板指
2025-09-16,3072.300,3087.040,3089.780,3020.630,242587260.000,创业板指
2025-09-17,3085.710,3147.350,3152.310,3064.770,244207711.000,创业板指
2025-09-18,3119.770,3095.850,3168.680,3051.300,310707378.000,创业板指
2025-09-19,3098.280,3091.000,3128.380,3072.760,226063739.000,创业板指
2025-09-22,3093.970,3107.890,3107.890,3053.350,199289291.000,创业板指
2025-09-23,3139.500,3114.550,3157.020,3041.460,249119042.000,创业板指
2025-09-24,3089.900,3185.570,3185.840,3085.700,221457643.000,创业板指
2025-09-25,3167.750,3235.760,3266.000,3161.080,226942858.000,创业板指
2025-09-26,3222.190,3151.530,3251.880,3150.840,209243820.000,创业板指
2025-09-29,3165.070,3238.010,3259.420,3164.800,200825881.000,创业板指
2025-09-30,3239.330,3238.160,3279.020,3218.690,196651530.000,创业板指
2025-10-09,3251.040,3261.820,3322.440,3243.710,230359686.000,创业板指
2025-10-10,3230.460,3113.260,3235.860,3097.630,219702850.000,创业板指
2025-10-13,2975.030,3078.760,3096.400,2975.030,210881631.000,创业板指
2025-10-14,3121.000,2955.980,3124.830,2943.580,216718242.000,创业板指
2025-10-15,2964.520,3025.870,3030.590,2927.510,179838526.000,创业板指
2025-10-16,3008.370,3037.440,3068.840,3001.100,173471667.000,创业板指
2025-10-17,3026.400,2935.370,3042.290,2932.680,178268865.000,创业板指
2025-10-20,3007.210,2993.450,3042.200,2970.190,155937611.000,创业板指
2025-10-21,3017.770,3083.720,3101.930,2994.760,172028506.000,创业板指
2025-10-22,3061.270,3059.320,3089.760,3044.040,158313410.000,创业板指
2025-10-23,3050.740,3062.160,3066.460,3003.340,162399491.000,创业板指
2025-10-24,3087.630,3171.570,3171.570,3082.060,183073810.000,创业板指
2025-10-27,3227.180,3234.450,3241.950,3179.620,207256404.000,创业板指
2025-10-28,3205.440,3229.580,3282.330,3205.050,201432398.000,创业板指
2025-10-29,3263.980,3324.270,3324.270,3258.690,207178367.000,创业板指
2025-10-30,3313.790,3263.020,3331.860,3259.210,217610201.000,创业板指
2025-10-31,3260.260,3187.530,3281.660,3187.530,213475247.000,创业板指
2025-11-03,3179.300,3196.870,3199.400,3120.850,208981991.000,创业板指
2025-11-04,3190.400,3134.090,3207.100,3111.020,191439663.000,创业板指
2025-11-05,3068.950,3166.230,3179.930,3068.950,200008334.000,创业板指
2025-11-06,3185.130,3224.620,3236.680,3177.600,195826587.000,创业板指
2025-11-07,3201.260,3208.210,3240.350,3178.800,199442356.000,创业板指
2025-11-10,3221.930,3178.830,3236.610,3138.300,205337561.000,创业板指
2025-11-11,3197.120,3134.320,3209.890,3130.580,203102230.000,创业板指
2025-11-12,3122.580,3122.030,3137.580,3078.640,199842484.000,创业板指
2025-11-13,3119.090,3201.750,3209.700,3107.620,206383934.000,创业板指
2025-11-14,3145.920,3111.510,3167.110,3111.510,209983125.000,创业板指
2025-11-17,3097.340,3105.200,3120.730,3082.230,213074768.000,创业板指
2025-11-18,3089.380,3069.220,3115.310,3052.640,224288955.000,创业板指
2025-11-19,3065.170,3076.850,3113.220,3061.960,209978109.000,创业板指
2025-11-20,3131.840,3042.340,3137.070,3039.380,194502677.000,创业板指
2025-11-21,2979.370,2920.080,2996.790,2920.040,246486373.000,创业板指
2025-11-24,2946.460,2929.040,2951.430,2892.270,219085909.000,创业板指
2025-11-25,2970.730,2980.930,3027.830,2961.930,228087380.000,创业板指
2025-11-26,2976.700,3044.690,3081.490,2962.990,212833213.000,创业板指
2025-11-27,3041.200,3031.300,3113.440,3027.310,195142886.000,创业板指
2025-11-28,3029.980,3052.590,3067.760,3013.490,187381791.000,创业板指
2025-12-01,3060.560,3092.500,3093.960,3037.690,210082058.000,创业板指
2025-12-02,3091.370,3071.150,3094.180,3056.360,192465241.000,创业板指
2025-12-03,3078.860,3036.790,3105.300,3028.700,195851910.000,创业板指
2025-12-04,3037.050,3067.480,3075.460,3016.580,175615636.000,创业板指
2025-12-05,3084.220,3109.300,3115.810,3048.940,188484887.000,创业板指
2025-12-08,3119.150,3190.270,3214.480,3119.150,211907775.000,创业板指
2025-12-09,3183.610,3209.600,3235.540,3175.510,194117870.000,创业板指
2025-12-10,3201.380,3209.000,3220.240,3143.410,185507666.000,创业板指
2025-12-11,3210.550,3163.670,3246.320,3163.670,194039411.000,创业板指
2025-12-12,3172.730,3194.360,3203.250,3137.630,202785453.000,创业板指
2025-12-15,3157.320,3137.800,3184.620,3135.660,180673480.000,创业板指
2025-12-16,3130.430,3071.760,3141.580,3058.790,181550894.000,创业板指
2025-12-17,3072.620,3175.910,3181.690,3072.620,186868324.000,创业板指
2025-12-18,3138.660,3107.060,3154.070,3107.060,169218740.000,创业板指
2025-12-19,3134.800,3122.240,3157.290,3112.030,177361917.000,创业板指
2025-12-22,3153.750,3191.980,3197.940,3153.750,175227535.000,创业板指
2025-12-23,3196.310,3205.010,3227.070,3184.530,183880580.000,创业板指
2025-12-24,3207.410,3229.580,3235.000,3193.970,182675050.000,创业板指
2025-12-25,3232.970,3239.340,3249.110,3200.490,193569997.000,创业板指
2025-12-26,3232.410,3243.880,3268.690,3219.130,210934630.000,创业板指
2025-12-29,3237.770,3222.610,3250.090,3208.080,196242768.000,创业板指
2025-12-30,3208.320,3242.900,3251.130,3207.730,206953285.000,创业板指
2025-12-31,3247.740,3203.170,3254.890,3198.250,206198167.000,创业板指
2026-01-05,3229.930,3294.550,3295.290,3229.930,263142610.000,创业板指
2026-01-06,3279.810,3319.290,3321.440,3265.730,278150655.000,创业板指
2026-01-07,3331.340,3329.690,3351.220,3298.550,271641051.000,创业板指
2026-01-08,3308.740,3302.310,3328.960,3285.160,280864919.000,创业板指
2026-01-09,3279.380,3327.810,3330.010,3269.990,333280635.000,创业板指
2026-01-12,3323.640,3388.340,3398.050,3282.390,406851832.000,创业板指
2026-01-13,3390.690,3321.890,3416.840,3307.630,419547701.000,创业板指
2026-01-14,3333.170,3349.140,3403.950,3308.630,439958418.000,创业板指
2026-01-15,3318.110,3367.920,3372.470,3309.060,307576548.000,创业板指
2026-01-16,3394.350,3361.020,3407.860,3354.650,299981551.000,创业板指
2026-01-19,3340.940,3337.610,3383.790,3326.130,256405217.000,创业板指
2026-01-20,3340.460,3277.980,3347.940,3257.440,260731480.000,创业板指
2026-01-21,3270.130,3295.520,3329.500,3270.130,230185910.000,创业板指
2026-01-22,3312.750,3328.650,3337.270,3280.320,235389326.000,创业板指
2026-01-23,3334.020,3349.500,3349.500,3316.650,293479372.000,创业板指
2026-01-26,3365.610,3319.150,3367.990,3304.360,314806723.000,创业板指
2026-01-27,3316.020,3342.600,3366.680,3277.260,266460051.000,创业板指
2026-01-28,3359.790,3323.560,3361.140,3301.050,258142248.000,创业板指
2026-01-29,3322.480,3304.510,3356.480,3298.590,294963224.000,创业板指
2026-01-30,3301.540,3346.360,3369.240,3255.650,263026318.000,创业板指
2026-02-02,3368.140,3264.110,3390.300,3262.120,238543608.000,创业板指
2026-02-03,3318.060,3324.890,3332.480,3249.060,230616448.000,创业板指
2026-02-04,3298.320,3311.510,3318.900,3244.710,237312928.000,创业板指
2026-02-05,3277.720,3260.280,3288.380,3238.780,205295208.000,创业板指
2026-02-06,3222.880,3236.460,3288.030,3199.140,209401230.000,创业板指
2026-02-09,3299.600,3332.770,3340.330,3276.570,235311933.000,创业板指
2026-02-10,3321.880,3320.540,3348.480,3320.540,240458372.000,创业板指
2026-02-11,3312.640,3284.740,3324.180,3284.240,220715123.000,创业板指
2026-02-12,3294.570,3328.060,3334.350,3292.680,225917395.000,创业板指
2026-02-13,3309.430,3275.960,3323.370,3275.290,206249589.000,创业板指
2026-02-24,3331.790,3308.260,3343.240,3292.500,222404056.000,创业板指
2026-02-25,3313.090,3354.820,3363.180,3302.760,232054795.000,创业板指
2026-02-26,3346.740,3344.980,3351.570,3310.550,251619744.000,创业板指
2026-02-27,3303.980,3310.300,3326.580,3292.890,240320830.000,创业板指
2026-03-02,3257.050,3294.160,3319.910,3257.050,273514912.000,创业板指
2026-03-03,3316.630,3209.480,3331.260,3206.620,286371200.000,创业板指
2026-03-04,3171.190,3164.370,3217.110,3149.410,217331864.000,创业板指
2026-03-05,3236.150,3216.940,3264.800,3194.960,241669489.000,创业板指
2026-03-06,3197.660,3229.300,3248.900,3177.870,222766226.000,创业板指
2026-03-09,3152.720,3208.580,3220.010,3111.880,255045462.000,创业板指
2026-03-10,3281.940,3306.140,3308.750,3272.990,236304274.000,创业板指
2026-03-11,3318.410,3349.530,3388.100,3318.410,235567220.000,创业板指
2026-03-12,3357.030,3317.520,3358.770,3286.770,225425058.000,创业板指
2026-03-13,3296.500,3310.280,3342.850,3296.110,226552974.000,创业板指
2026-03-16,3323.980,3357.020,3360.350,3284.050,208217725.000,创业板指
2026-03-17,3385.710,3280.060,3390.020,3279.870,207256854.000,创业板指
2026-03-18,3307.820,3346.370,3350.560,3274.260,193702694.000,创业板指
2026-03-19,3311.440,3309.100,3361.210,3295.450,199153562.000,创业板指
2026-03-20,3362.070,3352.100,3426.610,3348.700,225401630.000,创业板指
2026-03-23,3300.560,3235.220,3334.460,3214.820,239669171.000,创业板指
2026-03-24,3266.930,3251.550,3270.190,3155.270,205225479.000,创业板指
2026-03-25,3287.170,3316.970,3325.260,3278.730,206290186.000,创业板指
2026-03-26,3299.030,3272.490,3347.230,3264.000,185458328.000,创业板指
2026-03-27,3236.370,3295.880,3323.330,3228.410,169688303.000,创业板指
2026-03-30,3254.430,3273.360,3281.390,3224.600,172193857.000,创业板指
2026-03-31,3247.280,3184.950,3280.480,3184.950,178168265.000,创业板指
2026-04-01,3255.260,3247.520,3255.260,3206.800,180123659.000,创业板指
2026-04-02,3229.600,3172.650,3229.680,3155.130,174675433.000,创业板指
2026-04-03,3197.770,3149.600,3199.440,3149.150,161826887.000,创业板指
2026-04-07,3162.820,3160.820,3181.350,3133.780,146704274.000,创业板指
2026-04-08,3257.910,3347.610,3348.390,3243.780,226902300.000,创业板指
2026-04-09,3316.290,3323.300,3340.300,3301.650,195555903.000,创业板指
2026-04-10,3355.070,3448.790,3470.720,3354.770,205391067.000,创业板指
2026-04-13,3434.320,3476.440,3492.480,3434.320,180013140.000,创业板指
2026-04-14,3507.110,3558.530,3560.300,3493.370,200966062.000,创业板指
2026-04-15,3596.080,3514.960,3599.980,3491.450,203159933.000,创业板指
2026-04-16,3531.260,3626.270,3629.420,3518.360,212193010.000,创业板指
2026-04-17,3643.150,3678.290,3685.100,3620.330,213647879.000,创业板指
2026-04-20,3657.350,3677.580,3696.260,3642.810,215598844.000,创业板指
2026-04-21,3662.260,3688.940,3695.740,3619.480,196710069.000,创业板指
2026-04-22,3660.420,3752.760,3755.750,3660.090,208325490.000,创业板指
2026-04-23,3769.020,3720.250,3785.230,3681.570,234554114.000,创业板指
2026-04-24,3682.500,3667.790,3699.940,3625.000,227960182.000,创业板指
2026-04-27,3677.890,3648.790,3686.940,3640.110,215941887.000,创业板指
2026-04-28,3623.490,3596.710,3636.930,3580.390,218834025.000,创业板指
2026-04-29,3578.420,3687.170,3692.210,3578.420,215002402.000,创业板指
2026-04-30,3704.110,3677.150,3718.400,3660.220,201808141.000,创业板指
2026-05-06,3760.670,3778.160,3815.070,3724.530,249880273.000,创业板指
2026-05-07,3807.990,3833.060,3840.060,3761.230,252313119.000,创业板指
2026-05-08,3792.040,3796.130,3840.160,3787.170,242873982.000,创业板指
2026-05-11,3829.610,3928.970,3937.870,3797.500,264046160.000,创业板指
2026-05-12,3947.140,3934.880,3954.990,3897.820,247035078.000,创业板指
2026-05-13,3900.740,4038.330,4041.990,3893.800,248072070.000,创业板指
2026-05-14,4087.850,3951.140,4090.420,3937.600,250323172.000,创业板指
2026-05-15,3957.740,3929.060,4002.730,3870.370,245569819.000,创业板指
2026-05-18,3895.070,3914.880,3961.160,3883.400,217646936.000,创业板指
2026-05-19,3894.000,3908.440,3918.310,3808.470,223481304.000,创业板指
2026-05-20,3889.680,3921.790,3947.220,3887.150,222605616.000,创业板指
2026-05-21,3962.300,3829.780,4017.810,3827.520,265528742.000,创业板指
2026-05-22,3875.810,3938.500,3948.990,3856.210,214290151.000,创业板指
2026-05-25,3974.970,4021.160,4022.740,3905.690,231457815.000,创业板指
2026-05-26,4003.130,4043.070,4057.370,3985.510,228092127.000,创业板指
2026-05-27,4053.680,4045.770,4148.230,4015.650,224129186.000,创业板指
2026-05-28,4042.080,4125.070,4135.380,3971.720,207796485.000,创业板指
2026-05-29,4141.910,4037.950,4158.690,4010.120,233413759.000,创业板指
2026-06-01,4057.390,3950.940,4081.420,3942.680,210798809.000,创业板指
2026-06-02,3987.410,4055.870,4083.920,3946.110,203915728.000,创业板指
2026-06-03,4089.020,4122.990,4218.330,4063.200,218925848.000,创业板指
2026-06-04,4072.550,4088.880,4114.240,4051.150,202724870.000,创业板指
2026-06-05,4079.950,3957.940,4105.210,3933.070,228732023.000,创业板指
2026-06-08,3820.230,3811.790,3903.770,3776.930,228336414.000,创业板指
2026-06-09,3865.690,3961.750,3962.900,3823.760,209755585.000,创业板指
2026-06-10,3897.730,3854.790,3928.360,3818.310,203947087.000,创业板指
2026-06-11,3839.190,3811.250,3910.280,3755.610,198465341.000,创业板指
2026-06-12,3921.090,3830.350,3921.530,3822.420,230246100.000,创业板指
2026-06-15,3896.170,4033.530,4033.530,3844.080,221269003.000,创业板指
2026-06-16,4065.270,4102.940,4142.430,4053.880,225905115.000,创业板指
2026-06-17,4061.300,4167.050,4168.160,4058.610,221861568.000,创业板指
2026-06-18,4153.620,4252.390,4272.010,4153.620,226559938.000,创业板指
2026-06-22,4272.990,4359.390,4359.390,4229.310,272346002.000,创业板指
2026-06-23,4343.880,4192.190,4350.060,4159.480,245858967.000,创业板指
2026-06-24,4181.910,4251.420,4257.250,4161.580,232494708.000,创业板指
2026-06-25,4278.340,4371.990,4380.410,4242.860,246522881.000,创业板指
2026-06-26,4319.410,4194.210,4328.700,4175.380,240931473.000,创业板指
2026-06-29,4200.670,4216.700,4265.460,4103.630,243571409.000,创业板指
2026-06-30,4217.630,4342.710,4353.110,4205.740,223185932.000,创业板指
2026-07-01,4336.160,4260.720,4361.830,4222.220,264901000.000,创业板指
2026-07-02,4135.340,4017.270,4168.870,3999.570,249554568.000,创业板指
2026-07-03,4010.820,4019.930,4115.630,3985.360,228453195.000,创业板指
2026-07-06,4050.880,3948.860,4063.630,3903.480,216576771.000,创业板指
2026-07-07,3931.440,3911.910,3976.110,3859.430,185806984.000,创业板指
2026-07-08,3932.420,3845.350,3965.390,3824.330,192572049.000,创业板指
2026-07-09,3892.120,4018.170,4025.320,3812.660,208378136.000,创业板指
2026-07-10,4041.860,3842.730,4060.530,3842.350,248254176.000,创业板指
2026-07-13,3809.860,3723.520,3855.750,3691.230,219895176.000,创业板指
2026-07-14,3729.610,3851.140,3855.030,3673.960,196146517.000,创业板指
2026-07-15,3879.770,3804.700,3905.310,3794.340,197252763.000,创业板指
2026-07-16,3710.510,3692.460,3796.350,3658.070,198456563.000,创业板指
2026-07-17,3642.060,3428.630,3642.060,3387.260,230221243.000,创业板指
2026-07-20,3504.120,3443.100,3550.590,3338.210,237174099.000,创业板指
2026-07-21,3469.220,3685.970,3687.150,3373.040,258922406.000,创业板指
2026-07-22,3644.980,3566.730,3694.900,3553.370,205833919.000,创业板指
2026-07-23,3596.730,3575.520,3621.730,3538.110,181766334.000,创业板指
2026-07-24,3515.500,3480.870,3561.350,3480.870,168793607.000,创业板指
2026-07-27,3482.040,3590.790,3592.100,3449.210,175227394.000,创业板指
2026-07-28,3478.860,3327.030,3511.700,3312.300,174708042.000,创业板指
2026-07-29,3333.480,3378.700,3411.030,3249.650,201044720.000,创业板指
2026-07-30,3331.320,3244.620,3353.810,3158.140,203836418.000,创业板指
2026-07-31,3411.610,3343.960,3464.900,3343.960,236170945.000,创业板指
2026-08-03,3320.090,3302.550,3342.170,3280.840,187720972.000,创业板指
2026-08-04,3353.510,3488.970,3510.510,3342.410,211106623.000,创业板指
2026-08-05,3372.080,3535.140,3584.060,3372.040,226495353.000,创业板指
2026-08-06,3472.150,3515.560,3574.410,3444.360,218807247.000,创业板指
2026-08-07,3537.440,3563.120,3613.870,3507.620,229977435.000,创业板指
2026-08-10,3567.050,3537.210,3575.590,3470.950,208986302.000,创业板指
2026-08-11,3533.890,3549.160,3601.590,3517.570,190755076.000,创业板指
2026-08-12,3542.130,3602.080,3625.270,3540.950,183438948.000,创业板指
2026-08-13,3656.880,3586.040,3681.800,3585.270,220850675.000,创业板指
2026-08-14,3610.190,3626.300,3633.030,3578.610,193507809.000,创业板指
2026-08-17,3632.780,3740.160,3740.160,3604.170,194278692.000,创业板指
2026-08-18,3730.990,3705.560,3747.530,3662.450,196213815.000,创业板指
2026-08-19,3605.520,3473.490,3622.500,3455.480,205509141.000,创业板指
2026-08-20,3517.650,3495.590,3531.920,3459.570,182875324.000,创业板指
2026-08-21,3495.110,3545.580,3563.060,3478.520,168896802.000,创业板指
2026-08-24,3550.250,3431.890,3551.510,3376.640,170316149.000,创业板指
2025-07-30,4148.940,4151.240,4185.210,4127.430,249853048.000,沪深300
2025-07-31,4141.560,4075.590,4141.820,4063.670,267087406.000,沪深300
2025-08-01,4069.930,4054.930,4085.350,4040.460,196221826.000,沪深300
2025-08-04,4037.940,4070.700,4070.700,4037.940,162275902.000,沪深300
2025-08-05,4080.390,4103.450,4106.300,4075.580,178851999.000,沪深300
2025-08-06,4100.430,4113.490,4116.710,4098.350,176676155.000,沪深300
2025-08-07,4120.280,4114.670,4129.740,4094.820,198641902.000,沪深300
2025-08-08,4109.270,4104.970,4122.210,4097.420,173171201.000,沪深300
2025-08-11,4110.290,4122.510,4134.250,4103.600,190443716.000,沪深300
2025-08-12,4123.580,4143.830,4153.290,4121.220,177287823.000,沪深300
2025-08-13,4150.500,4176.580,4186.750,4147.200,213934999.000,沪深300
2025-08-14,4179.970,4173.310,4220.310,4165.940,221103595.000,沪深300
2025-08-15,4162.420,4202.350,4214.730,4157.500,261327566.000,沪深300
2025-08-18,4218.250,4239.410,4272.960,4203.420,301479102.000,沪深300
2025-08-19,4241.770,4223.370,4264.230,4215.210,250818771.000,沪深300
2025-08-20,4208.400,4271.400,4272.150,4190.560,246481773.000,沪深300
2025-08-21,4284.370,4288.070,4308.450,4273.650,259030014.000,沪深300
2025-08-22,4287.360,4378.000,4378.390,4287.360,290434897.000,沪深300
2025-08-25,4416.290,4469.220,4472.650,4404.780,358090006.000,沪深300
2025-08-26,4453.350,4452.590,4476.800,4435.530,270621395.000,沪深300
2025-08-27,4458.840,4386.130,4494.910,4386.130,333133898.000,沪深300
2025-08-28,4378.040,4463.780,4464.800,4364.170,296834536.000,沪深300
2025-08-29,4455.800,4496.760,4516.840,4452.360,351938947.000,沪深300
2025-09-01,4516.880,4523.710,4528.130,4487.530,320366708.000,沪深300
2025-09-02,4521.980,4490.450,4548.890,4454.420,303932566.000,沪深300
2025-09-03,4501.340,4459.830,4510.730,4427.520,254320217.000,沪深300
2025-09-04,4461.250,4365.210,4465.500,4327.510,307934609.000,沪深300
2025-09-05,4365.610,4460.320,4466.560,4350.300,249625657.000,沪深300
2025-09-08,4467.170,4467.570,4482.760,4438.070,267638382.000,沪深300
2025-09-09,4448.740,4436.260,4472.090,4412.690,221375460.000,沪深300
2025-09-10,4438.300,4445.360,4466.630,4414.590,203597646.000,沪深300
2025-09-11,4438.840,4548.030,4548.030,4427.920,253264051.000,沪深300
2025-09-12,4544.590,4522.000,4564.670,4517.790,266442003.000,沪深300
2025-09-15,4534.890,4533.060,4566.910,4522.500,231885678.000,沪深300
2025-09-16,4539.920,4523.340,4552.420,4494.790,249269206.000,沪深300
2025-09-17,4517.290,4551.020,4556.030,4503.800,235716472.000,沪深300
2025-09-18,4546.030,4498.110,4573.830,4454.990,309859826.000,沪深300
2025-09-19,4499.090,4501.920,4533.090,4491.840,225044000.000,沪深300
2025-09-22,4512.030,4522.610,4523.870,4487.130,196459956.000,沪深300
2025-09-23,4536.760,4519.780,4560.730,4459.730,252827062.000,沪深300
2025-09-24,4495.270,4566.070,4567.490,4494.110,220482608.000,沪深300
2025-09-25,4563.980,4593.490,4613.950,4558.840,229823333.000,沪深300
2025-09-26,4576.910,4550.050,4597.850,4550.050,208482114.000,沪深300
2025-09-29,4555.030,4620.050,4647.570,4541.430,274358877.000,沪深300
2025-09-30,4629.900,4640.690,4647.500,4616.220,247980359.000,沪深300
2025-10-09,4662.110,4709.480,4726.340,4651.990,347678696.000,沪深300
2025-10-10,4679.500,4616.830,4692.590,4600.960,319020899.000,沪深300
2025-10-13,4490.870,4593.980,4601.810,4490.870,315010354.000,沪深300
2025-10-14,4634.050,4539.060,4641.450,4520.930,372954030.000,沪深300
2025-10-15,4544.240,4606.290,4608.820,4526.830,284771855.000,沪深300
2025-10-16,4588.920,4618.420,4645.100,4586.280,248235518.000,沪深300
2025-10-17,4610.700,4514.230,4618.560,4509.330,256905617.000,沪深300
2025-10-20,4558.240,4538.220,4570.440,4520.500,218420405.000,沪深300
2025-10-21,4556.120,4607.870,4615.460,4547.930,215711175.000,沪深300
2025-10-22,4576.030,4592.570,4603.490,4567.240,185333960.000,沪深300
2025-10-23,4578.700,4606.340,4611.340,4541.690,200463917.000,沪深300
2025-10-24,4622.790,4660.680,4660.680,4622.790,208814483.000,沪深300
2025-10-27,4699.380,4716.020,4720.430,4687.690,262200674.000,沪深300
2025-10-28,4697.730,4691.970,4734.320,4679.230,220906645.000,沪深300
2025-10-29,4701.040,4747.840,4747.840,4697.270,246211324.000,沪深300
2025-10-30,4735.980,4709.910,4761.830,4706.450,273289118.000,沪深300
2025-10-31,4702.490,4640.670,4706.140,4640.670,281464740.000,沪深300
2025-11-03,4636.730,4653.400,4653.400,4595.730,239869809.000,沪深300
2025-11-04,4649.350,4618.700,4665.320,4595.070,233224032.000,沪深300
2025-11-05,4562.110,4627.260,4642.610,4558.760,203045871.000,沪深300
2025-11-06,4642.010,4693.400,4698.090,4642.010,224241008.000,沪深300
2025-11-07,4673.760,4678.790,4701.370,4666.040,212497377.000,沪深300
2025-11-10,4688.120,4695.050,4695.180,4654.210,236026764.000,沪深300
2025-11-11,4706.340,4652.170,4707.130,4648.490,186638858.000,沪深300
2025-11-12,4643.560,4645.910,4669.610,4620.990,209460592.000,沪深300
2025-11-13,4643.790,4702.070,4703.490,4643.790,207367474.000,沪深300
2025-11-14,4663.320,4628.140,4684.260,4628.020,192092676.000,沪深300
2025-11-17,4616.810,4598.050,4624.900,4580.260,188955466.000,沪深300
2025-11-18,4584.790,4568.190,4606.620,4552.800,177713185.000,沪深300
2025-11-19,4568.040,4588.290,4607.860,4568.040,172924974.000,沪深300
2025-11-20,4619.540,4564.950,4620.650,4560.180,194562593.000,沪深300
2025-11-21,4513.390,4453.610,4527.040,4453.180,222851013.000,沪深300
2025-11-24,4473.160,4448.050,4478.810,4421.810,185833729.000,沪深300
2025-11-25,4475.840,4490.400,4510.770,4467.350,169571929.000,沪深300
2025-11-26,4490.200,4517.630,4538.140,4485.700,156200368.000,沪深300
2025-11-27,4520.010,4515.400,4559.220,4509.860,150311772.000,沪深300
2025-11-28,4511.500,4526.660,4531.720,4492.430,142902096.000,沪深300
2025-12-01,4539.190,4576.490,4576.970,4531.290,200382317.000,沪深300
2025-12-02,4571.910,4554.330,4575.490,4539.430,148493132.000,沪深300
2025-12-03,4554.590,4531.050,4569.820,4523.500,169762790.000,沪深300
2025-12-04,4533.600,4546.570,4557.420,4514.190,147198110.000,沪深300
2025-12-05,4547.910,4584.540,4593.830,4535.020,196799968.000,沪深300
2025-12-08,4593.140,4621.750,4640.630,4592.740,199620990.000,沪深300
2025-12-09,4611.380,4598.220,4628.700,4584.250,184160344.000,沪深300
2025-12-10,4586.250,4591.830,4598.540,4549.080,169111106.000,沪深300
2025-12-11,4597.190,4552.180,4610.280,4547.140,168419405.000,沪深300
2025-12-12,4558.740,4580.950,4583.680,4530.780,212826520.000,沪深300
2025-12-15,4550.000,4552.060,4595.050,4548.440,167589967.000,沪深300
2025-12-16,4542.420,4497.550,4553.080,4484.270,165165201.000,沪深300
2025-12-17,4499.770,4579.880,4594.660,4498.930,178424830.000,沪深300
2025-12-18,4553.980,4552.790,4571.970,4544.140,151681328.000,沪深300
2025-12-19,4561.370,4568.180,4591.090,4546.850,154876220.000,沪深300
2025-12-22,4587.670,4611.620,4615.870,4587.670,165252856.000,沪深300
2025-12-23,4616.030,4620.730,4644.530,4607.800,169256412.000,沪深300
2025-12-24,4623.680,4634.060,4639.430,4602.140,153711241.000,沪深300
2025-12-25,4629.320,4642.540,4651.150,4621.920,139434186.000,沪深300
2025-12-26,4639.790,4657.240,4676.130,4635.110,175396565.000,沪深300
2025-12-29,4658.270,4639.370,4672.040,4629.060,200397133.000,沪深300
2025-12-30,4617.320,4651.280,4664.330,4616.630,180374974.000,沪深300
2025-12-31,4656.480,4629.940,4667.050,4622.100,170760224.000,沪深300
2026-01-05,4661.620,4717.750,4721.640,4661.620,234144839.000,沪深300
2026-01-06,4719.210,4790.690,4790.690,4718.010,296970686.000,沪深300
2026-01-07,4796.930,4776.670,4802.600,4751.070,259095564.000,沪深300
2026-01-08,4761.010,4737.650,4765.490,4717.010,238804957.000,沪深300
2026-01-09,4725.960,4758.920,4771.430,4719.130,254688038.000,沪深300
2026-01-12,4769.650,4789.920,4795.930,4737.570,294833165.000,沪深300
2026-01-13,4798.050,4761.030,4836.950,4745.520,301449497.000,沪深300
2026-01-14,4767.700,4741.930,4818.100,4720.250,364951023.000,沪深300
2026-01-15,4721.800,4751.430,4769.550,4720.940,254003636.000,沪深300
2026-01-16,4778.430,4731.870,4792.550,4715.360,325278929.000,沪深300
2026-01-19,4720.190,4734.460,4761.630,4715.090,267612492.000,沪深300
2026-01-20,4736.910,4718.880,4748.230,4684.970,282719579.000,沪深300
2026-01-21,4714.550,4723.070,4758.280,4714.240,266353332.000,沪深300
2026-01-22,4741.750,4723.710,4757.760,4700.450,274199932.000,沪深300
2026-01-23,4729.590,4702.500,4734.790,4684.620,314635445.000,沪深300
2026-01-26,4715.380,4706.960,4754.180,4693.160,363004481.000,沪深300
2026-01-27,4705.170,4705.690,4736.990,4675.640,301475697.000,沪深300
2026-01-28,4725.600,4717.990,4739.630,4697.910,382255602.000,沪深300
2026-01-29,4733.090,4753.870,4770.960,4696.050,415513055.000,沪深300
2026-01-30,4723.080,4706.340,4738.870,4645.470,319786531.000,沪深300
2026-02-02,4674.280,4605.980,4716.610,4601.760,304773500.000,沪深300
2026-02-03,4648.360,4660.110,4662.130,4578.210,265549405.000,沪深300
2026-02-04,4647.970,4698.680,4701.480,4641.840,264881032.000,沪深300
2026-02-05,4664.750,4670.420,4687.020,4639.430,237856351.000,沪深300
2026-02-06,4622.970,4643.600,4678.260,4606.640,202716477.000,沪深300
2026-02-09,4693.670,4719.060,4719.960,4679.900,207251938.000,沪深300
2026-02-10,4718.260,4724.300,4732.090,4713.870,187000958.000,沪深300
2026-02-11,4715.670,4713.820,4723.700,4703.690,173391681.000,沪深300
2026-02-12,4720.010,4719.580,4726.040,4707.740,197841439.000,沪深300
2026-02-13,4693.410,4660.410,4703.630,4658.400,189167756.000,沪深300
2026-02-24,4727.300,4707.540,4727.370,4698.350,218488890.000,沪深300
2026-02-25,4713.580,4735.890,4766.560,4713.340,284268354.000,沪深300
2026-02-26,4741.390,4726.870,4742.150,4706.690,234847644.000,沪深300
2026-02-27,4698.300,4710.650,4721.010,4692.890,261420865.000,沪深300
2026-03-02,4681.010,4728.670,4735.410,4667.280,349260752.000,沪深300
2026-03-03,4737.320,4655.900,4744.600,4651.400,370624272.000,沪深300
2026-03-04,4609.190,4602.620,4639.420,4575.820,303035666.000,沪深300
2026-03-05,4651.940,4647.690,4671.530,4630.300,259317825.000,沪深300
2026-03-06,4621.490,4660.440,4671.710,4612.790,238527926.000,沪深300
2026-03-09,4600.250,4615.460,4625.980,4548.970,322787617.000,沪深300
2026-03-10,4648.790,4674.760,4677.600,4648.790,263903748.000,沪深300
2026-03-11,4681.030,4704.500,4711.870,4674.710,270175443.000,沪深300
2026-03-12,4700.720,4687.560,4704.380,4654.310,302986816.000,沪深300
2026-03-13,4669.060,4669.140,4707.420,4659.500,310772009.000,沪深300
2026-03-16,4669.220,4671.560,4673.690,4621.810,296215070.000,沪深300
2026-03-17,4685.570,4637.440,4720.860,4637.370,263021913.000,沪深300
2026-03-18,4648.750,4658.330,4662.290,4604.520,234690705.000,沪深300
2026-03-19,4611.440,4583.250,4634.550,4570.390,254130449.000,沪深300
2026-03-20,4602.820,4567.020,4628.710,4563.070,257873703.000,沪深300
2026-03-23,4499.100,4418.000,4514.720,4397.570,328081945.000,沪深300
2026-03-24,4458.910,4474.720,4474.830,4394.290,255532517.000,沪深300
2026-03-25,4506.620,4537.470,4542.180,4502.030,262639279.000,沪深300
2026-03-26,4525.330,4477.530,4541.050,4468.960,213736788.000,沪深300
2026-03-27,4431.500,4502.570,4519.890,4431.420,192400388.000,沪深300
2026-03-30,4461.740,4491.950,4496.410,4447.140,209293092.000,沪深300
2026-03-31,4491.920,4450.050,4523.170,4450.050,224541585.000,沪深300
2026-04-01,4517.270,4526.070,4532.110,4492.050,216483196.000,沪深300
2026-04-02,4514.440,4478.910,4519.690,4459.610,190992161.000,沪深300
2026-04-03,4492.850,4440.790,4494.460,4437.600,168321705.000,沪深300
2026-04-07,4445.860,4440.620,4458.930,4420.690,162638787.000,沪深300
2026-04-08,4517.340,4595.560,4595.560,4513.770,253339213.000,沪深300
2026-04-09,4562.670,4566.220,4579.200,4552.420,184939783.000,沪深300
2026-04-10,4594.950,4636.570,4655.100,4590.110,208678605.000,沪深300
2026-04-13,4615.130,4646.150,4653.400,4615.130,196712277.000,沪深300
2026-04-14,4676.120,4701.280,4701.280,4654.850,204700332.000,沪深300
2026-04-15,4726.640,4685.250,4731.270,4672.560,201688500.000,沪深300
2026-04-16,4694.430,4736.610,4739.220,4689.410,192057600.000,沪深300
2026-04-17,4729.000,4728.670,4738.320,4714.470,182915336.000,沪深300
2026-04-20,4727.170,4757.440,4763.040,4720.690,221633494.000,沪深300
2026-04-21,4750.510,4768.000,4776.830,4722.010,205614058.000,沪深300
2026-04-22,4751.280,4799.630,4801.450,4750.350,204481830.000,沪深300
2026-04-23,4816.030,4786.330,4823.470,4759.860,232865736.000,沪深300
2026-04-24,4771.730,4769.370,4786.440,4735.610,193798314.000,沪深300
2026-04-27,4776.340,4770.950,4795.170,4762.640,192796550.000,沪深300
2026-04-28,4757.080,4758.210,4778.190,4743.440,216724233.000,沪深300
2026-04-29,4737.580,4810.350,4813.610,4737.110,233298110.000,沪深300
2026-04-30,4820.970,4807.310,4829.270,4797.540,250633370.000,沪深300
2026-05-06,4857.650,4877.090,4892.800,4834.280,274443880.000,沪深300
2026-05-07,4895.800,4900.510,4901.860,4866.870,257833972.000,沪深300
2026-05-08,4871.120,4871.910,4887.210,4849.990,251720996.000,沪深300
2026-05-11,4902.280,4951.840,4960.400,4889.570,305734801.000,沪深300
2026-05-12,4965.020,4948.050,4971.300,4926.790,273812001.000,沪深300
2026-05-13,4919.420,4998.340,5001.120,4919.420,268454537.000,沪深300
2026-05-14,5027.640,4914.600,5030.520,4913.600,280695379.000,沪深300
2026-05-15,4911.620,4859.590,4935.620,4832.690,276967769.000,沪深300
2026-05-18,4836.330,4833.520,4868.600,4806.150,239077587.000,沪深300
2026-05-19,4818.710,4852.880,4854.520,4773.530,232280852.000,沪深300
2026-05-20,4829.610,4850.700,4866.210,4825.640,220023206.000,沪深300
2026-05-21,4886.240,4783.100,4937.930,4780.710,287342507.000,沪深300
2026-05-22,4818.840,4845.100,4851.350,4785.350,286940435.000,沪深300
2026-05-25,4873.200,4921.600,4922.440,4857.130,264743236.000,沪深300
2026-05-26,4900.120,4947.850,4952.740,4892.680,302799476.000,沪深300
2026-05-27,4940.950,4908.170,4974.210,4891.340,301709175.000,沪深300
2026-05-28,4889.270,4914.210,4922.330,4843.230,267432731.000,沪深300
2026-05-29,4937.510,4892.120,4954.070,4878.790,332518610.000,沪深300
2026-06-01,4897.900,4844.260,4918.790,4836.690,296134051.000,沪深300
2026-06-02,4860.610,4914.560,4930.280,4832.000,281731662.000,沪深300
2026-06-03,4921.340,4938.810,4991.850,4904.900,304035947.000,沪深300
2026-06-04,4897.320,4904.750,4938.780,4889.750,264808910.000,沪深300
2026-06-05,4886.960,4816.920,4924.340,4798.910,301929336.000,沪深300
2026-06-08,4703.770,4713.640,4779.860,4677.570,299647565.000,沪深300
2026-06-09,4743.450,4801.810,4802.500,4715.390,258391601.000,沪深300
2026-06-10,4753.120,4748.590,4786.520,4718.990,259297109.000,沪深300
2026-06-11,4730.070,4722.410,4766.170,4685.500,247177059.000,沪深300
2026-06-12,4784.640,4777.320,4809.860,4757.560,335922063.000,沪深300
2026-06-15,4829.290,4891.710,4892.550,4803.180,331316076.000,沪深300
2026-06-16,4894.880,4884.230,4908.280,4866.060,282584743.000,沪深300
2026-06-17,4859.700,4931.390,4933.930,4859.700,276053950.000,沪深300
2026-06-18,4916.040,4941.600,4976.890,4916.040,334459902.000,沪深300
2026-06-22,4949.350,5059.660,5061.510,4928.460,375100124.000,沪深300
2026-06-23,5048.030,4919.390,5064.270,4892.090,342719336.000,沪深300
2026-06-24,4900.380,4943.020,4953.230,4892.270,312249025.000,沪深300
2026-06-25,4950.980,5020.100,5032.000,4944.880,346664289.000,沪深300
2026-06-26,4981.830,4868.220,4981.980,4845.190,341179238.000,沪深300
2026-06-29,4866.040,4926.920,4928.600,4827.150,323216134.000,沪深300
2026-06-30,4914.490,4979.430,4987.560,4914.490,306150226.000,沪深300
2026-07-01,4972.690,4958.980,5017.380,4925.630,342934747.000,沪深300
2026-07-02,4865.170,4812.300,4896.990,4800.480,343243758.000,沪深300
2026-07-03,4809.500,4842.170,4890.970,4809.500,301067568.000,沪深300
2026-07-06,4868.540,4842.000,4878.320,4789.800,294050543.000,沪深300
2026-07-07,4813.870,4792.260,4839.510,4756.730,246305999.000,沪深300
2026-07-08,4804.480,4755.530,4830.050,4751.400,243928749.000,沪深300
2026-07-09,4774.400,4876.310,4882.850,4734.870,281627705.000,沪深300
2026-07-10,4887.540,4780.790,4906.490,4780.750,304130286.000,沪深300
2026-07-13,4745.440,4695.380,4775.240,4670.250,278634853.000,沪深300
2026-07-14,4691.120,4796.500,4796.500,4649.040,283250986.000,沪深300
2026-07-15,4797.940,4786.780,4826.860,4772.040,278692669.000,沪深300
2026-07-16,4711.530,4698.430,4771.060,4673.350,251560977.000,沪深300
2026-07-17,4661.620,4529.100,4663.530,4492.090,302629886.000,沪深300
2026-07-20,4575.670,4598.320,4628.800,4521.180,333116058.000,沪深300
2026-07-21,4630.850,4739.230,4739.230,4566.280,345403590.000,沪深300
2026-07-22,4710.660,4717.240,4772.080,4692.830,285556357.000,沪深300
2026-07-23,4735.170,4728.000,4737.510,4698.870,247331675.000,沪深300
2026-07-24,4685.410,4649.190,4704.080,4642.940,221261212.000,沪深300
2026-07-27,4656.030,4702.430,4702.520,4615.530,204786941.000,沪深300
2026-07-28,4623.800,4569.520,4646.490,4552.230,215705045.000,沪深300
2026-07-29,4582.090,4600.260,4626.710,4516.320,248082357.000,沪深300
2026-07-30,4566.050,4549.720,4596.210,4478.210,274651130.000,沪深300
2026-07-31,4623.850,4588.200,4635.590,4588.200,279243698.000,沪深300
2026-08-03,4561.820,4543.180,4572.590,4529.190,232042584.000,沪深300
2026-08-04,4566.940,4600.930,4613.690,4555.250,242073611.000,沪深300
2026-08-05,4550.190,4658.150,4679.860,4550.190,276921919.000,沪深300
2026-08-06,4621.800,4651.310,4675.650,4611.070,247510730.000,沪深300
2026-08-07,4656.100,4694.440,4706.730,4649.580,239072020.000,沪深300
2026-08-10,4698.820,4702.020,4714.460,4659.470,213075996.000,沪深300
2026-08-11,4689.450,4663.790,4715.880,4660.470,209699098.000,沪深300
2026-08-12,4660.470,4690.920,4700.430,4657.690,184939148.000,沪深300
2026-08-13,4716.970,4663.950,4727.230,4661.880,215499615.000,沪深300
2026-08-14,4672.980,4665.880,4676.710,4637.130,178430696.000,沪深300
2026-08-17,4672.280,4741.100,4742.400,4662.720,190569286.000,沪深300
2026-08-18,4734.070,4725.810,4744.010,4687.530,204245514.000,沪深300
2026-08-19,4660.060,4588.700,4674.380,4568.070,244070090.000,沪深300
2026-08-20,4613.300,4592.750,4631.130,4569.230,200874189.000,沪深300
2026-08-21,4585.440,4618.900,4629.000,4579.260,171075891.000,沪深300
2026-08-24,4620.950,4563.130,4621.390,4527.490,206616872.000,沪深300
