代码,60日涨跌幅,20日涨跌幅,距60日高点
002921,-27.587437544610992,-19.61172741679873,-37.76073619631902
600918,-4.067796610169494,3.4734917733089565,-6.754530477759479
000539,-3.822629969418956,-5.979073243647237,-35.48717948717949
002046,-6.573458983469793,-35.844052512929316,-35.844052512929316
000981,-33.24538258575198,-15.666666666666673,-42.63038548752836
002880,-24.168600154679044,-4.89815712900098,-27.824806772175204
601015,-18.844221105527637,9.121621621621623,-24.0
002491,5.878594249201274,-56.961038961038966,-56.961038961038966
600133,-15.898358443894756,-4.518764360479954,-23.313512405167103
601168,30.392832529290146,37.95114837768867,0.0
002697,-9.994039340353666,6.338028169014098,-14.253265190232822
002161,-33.674174381649856,-17.05546915500259,-35.54451456962535
603991,12.571639859493434,-2.8480255285201372,-27.104034478630435
605299,-41.53682890357436,-13.118279569892477,-55.32620715075562
605318,-18.287777204744714,-40.968703427719824,-40.968703427719824
002793,-6.111111111111112,28.680203045685282,-9.94671403197157
603693,-14.38038436050364,0.7800312012480548,-31.240021287919106
601778,-48.753850462055446,-19.41875825627476,-51.14789108382274
600819,-29.187279151943468,-12.028094820017564,-36.70246367656349
603669,23.887587822014055,-5.704099821746889,-34.77188655980271
600758,-15.07537688442211,2.7355623100303816,-37.291280148423
601127,-37.39033870072181,-10.079744816586922,-38.50349040139617
002128,-13.074984247006928,13.305954825461995,-15.884146341463412
300132,-28.982300884955748,11.652173913043473,-32.98538622129436
603819,-24.165029469548127,-1.2787723785166238,-24.165029469548127
605500,-29.62962962962964,-2.7906976744186185,-46.63829787234043
003009,-8.403942590351033,-1.5793385358602752,-22.011189634864547
000782,0.8064516129032251,-19.87179487179487,-30.323299888517287
002534,-29.50108459869849,-37.82879005260641,-40.85532302092811
600327,-5.645161290322587,8.668730650154789,-12.468827930174564
002272,-18.4400826446281,-32.60776781903543,-36.68805132317563
688409,80.00578146078243,-18.423580786026193,-39.00081632653061
301696,5.7920899070672105,-9.393799167052286,-38.83161512027491
603477,-15.233207376910507,16.502596697930393,-21.559417566932837
002298,-25.354969574036502,-3.6649214659685736,-38.04713804713805
688795,-4.407204385277996,-12.805714285714288,-19.583662714097493
300953,-39.16227675703456,-29.38105891126025,-48.233261905803126
600186,-4.704595185995619,-44.166666666666664,-44.166666666666664
002986,-20.64032697547683,-7.539682539682535,-26.219126029132354
301526,81.45380434782608,-44.19139155871291,-48.880382775119614
603191,-33.761739990113696,-18.541033434650455,-42.31597072750753
000100,24.63768115942031,-3.3707865168539297,-15.686274509803921
000898,-12.173913043478258,5.208333333333348,-14.406779661016945
600057,-6.25,11.70212765957448,-23.17073170731707
605020,29.373814041745728,-12.319958847736622,-29.551560239718945
603716,-31.9792158715163,-6.554185593770279,-40.24896265560166
600729,-7.5541225241824055,5.854430379746822,-10.441767068273089
600595,-19.951778179626288,15.077989601386488,-23.45821325648416
000553,-15.372168284789634,-8.245614035087712,-30.266666666666666
603993,4.95703206874869,10.846707249584941,-7.482678983833702
000011,-10.807600950118768,9.475218658892114,-11.542991755005893
605286,-49.03689951264795,-17.752808988764034,-53.484431264562595
001314,-1.3089764301395967,-20.583333333333332,-25.87349491303942
603738,-18.630088762604036,-50.03088326127239,-51.01422948834393
601279,-22.222222222222232,-4.140127388535042,-25.495049504950494
600658,-25.79365079365079,-4.834605597964369,-31.87613843351548
002992,-34.99813641446141,-20.871143375680568,-38.59154929577464
601002,-22.38562091503268,6.741573033707859,-28.030303030303028
600071,-28.73449131513648,-15.628672150411283,-32.645403377110696
688522,-23.581943481629498,-4.04505888376857,-28.829136758953332
300221,-1.5468607825295688,-34.06459475929311,-40.41850220264317
002178,-30.655737704918018,-6.622516556291391,-31.99356913183279
002456,-24.66960352422908,-21.82857142857143,-31.940298507462693
002115,-8.993399339933994,3.373945641986875,-28.469520103761347
002079,-17.47163087311263,-40.025897907721664,-41.450432468396535
603912,-35.34798534798536,-16.449704142011832,-40.72208228379514
600309,-14.497678106240809,2.5540008151066385,-16.998350742166036
002129,2.665121668597892,-12.881022615535898,-26.28951747088186
603290,-21.583850931677006,-38.619591954854585,-44.527265594350716
000586,-42.562432138979375,-26.476719944405836,-54.376886589047004
601872,-7.62514551804424,-25.66744730679158,-26.73130193905817
000066,-8.449848024316097,-26.428920371275034,-40.61514195583595
603619,-29.85654512851166,20.29728344438748,-36.78965795852412
300179,30.801233770891614,-41.177419354838705,-41.177419354838705
002748,-20.47212047212048,-10.078232857800284,-25.277246653919693
002593,-16.43564356435644,2.9268292682926855,-21.561338289962826
688635,,-43.49168093697807,-62.902151283830676
000701,-20.97902097902098,-3.2119914346895206,-26.860841423948223
000998,-13.703472655437722,11.85983827493262,-17.39649681528662
603630,-15.939393939393941,5.958747135217712,-19.36046511627907
002981,-7.898559747644541,15.814196242171196,-23.35060449050086
600075,-32.04172876304025,12.039312039312012,-34.85714285714286
603185,-42.01158940397352,-15.039417828987256,-43.84769539078156
600336,-20.028612303290416,-9.546925566343045,-35.37572254335261
000932,-17.234042553191486,11.142857142857142,-21.57258064516129
000070,-31.497245868803205,-44.771901493742426,-45.992893801816024
601995,8.624777711914632,1.3831258644536604,-4.407929055816395
000068,-17.3374613003096,-9.183673469387754,-31.887755102040817
603061,20.101371736594388,-25.369328833895764,-42.91395793499044
600996,-24.58233890214797,-28.34467120181405,-34.50777202072539
000012,-14.014895057549081,-19.806356556514427,-27.16497801567578
600969,-17.886504912773216,5.000000000000004,-31.430006697923652
002798,-29.760225669957673,-5.860113421550084,-41.27358490566038
000612,-14.18577535950254,-3.157894736842115,-18.070500927643785
002151,-27.442226890756306,-12.894073139974783,-37.70011273957159
301099,22.163416225621702,-30.530742379682827,-34.6966721785862
601933,-17.195767195767196,3.64238410596025,-23.844282238442826
002482,-26.347305389221553,0.8196721311475308,-28.48837209302325
000573,-26.05932203389829,-6.182795698924726,-29.919678714859444
002269,-13.461538461538458,0.746268656716409,-21.052631578947356
002943,-31.797805575716175,-38.6873920552677,-53.467711397862
688388,-20.123371309876003,-43.83713210887365,-48.125740914851
000736,-23.653846153846146,5.026455026455046,-30.10563380281689
000989,-4.013412972859676,15.365239294710321,-8.308308308308309
601908,-26.90476190476191,3.716216216216206,-32.96943231441048
603268,3.7155931971859735,5.796697554518215,-9.4891816176909
000555,-28.714859437750995,-5.2491103202847,-34.62246777163903
600570,-17.26923076923076,-4.611973392461188,-22.653721682847884
600661,-23.04648862512363,9.116409537166902,-24.171539961013643
600686,-35.84461447910535,-6.4377682403433445,-37.28423475258917
002653,25.35463770386228,26.129597197898423,-9.054173506755902
601600,-18.972659486329746,11.136363636363612,-23.593750000000014
002108,-25.913043478260878,-6.373626373626373,-33.333333333333336
603197,-15.24008350730689,1.7543859649122862,-19.00826446280992
002173,-22.189962671090825,6.772908366533881,-27.73497688751926
601225,-0.5553148753495218,21.97478382686826,-6.1024134468781295
600844,-13.031161473087815,22.799999999999997,-23.441396508728175
600779,-15.915279878971255,-6.14657210401891,-22.374301675977648
600150,-12.163392740991297,-3.446303446303456,-18.463953628788797
002403,-20.736434108527135,-5.868814729574224,-30.560271646859082
603920,-37.40902474526929,-32.79937487790584,-49.78102189781022
300497,-4.045926735921257,-21.999999999999996,-24.807197943444727
002467,-34.78260869565217,-7.216494845360821,-43.10998735777497
002460,-39.66289486091467,-24.95235302741533,-43.93209200438116
600556,-29.942575881870393,-6.2568605927552206,-32.59668508287293
002361,-55.498602050326184,-30.69666182873729,-59.61945031712472
000402,-8.301886792452818,-7.25190839694656,-30.372492836676212
688216,2.3633156966490265,-26.475804408411452,-43.430799220272895
000938,35.81826907694769,49.524480450862995,-5.456570155901996
001269,-19.8051948051948,-17.94019933554818,-40.78767123287671
301282,-28.094739596964146,-27.48267898383372,-35.21766040850011
603986,52.200707189762596,-41.69837850388928,-46.1952380952381
300331,-16.841695838195257,-41.31210540763107,-41.31210540763107
601515,-29.999999999999993,-7.20461095100865,-34.55284552845528
600346,-28.207343412526985,-8.731466227347607,-32.5760649087221
002021,-23.56902356902357,-14.015151515151514,-32.03592814371257
002163,-36.14864864864865,-12.50000000000001,-42.68385140257771
603113,-37.85551763367463,-0.9070294784580546,-41.59315690991714
600333,-0.17985611510791255,7.7669902912621325,-8.717105263157897
002156,44.43823827551252,-10.268603007325549,-11.29462584169737
002174,19.12568306010929,-12.590216519647157,-15.042868277474664
002319,2.3919043238270543,10.089020771513368,-9.951456310679596
600775,-32.00624512099921,-13.073852295409171,-36.04992657856093
600255,-13.888888888888884,-23.267326732673265,-35.81780538302277
688620,23.751023751023737,6.035087719298238,-13.558352402746
002662,-24.75728155339806,-22.6932668329177,-26.01431980906922
301421,-30.110439674932277,-23.424657534246574,-49.335347432024165
603318,-23.617208077260766,-8.130939809926097,-40.20618556701032
002631,-11.203319502074693,-34.288638689866936,-44.07665505226481
002769,-39.26772568771795,-7.24852071005917,-41.47843942505134
002636,53.13675524814951,-44.154349942472784,-47.40351754605317
000803,-16.97191697191697,-2.5787965616045905,-23.250564334085777
300037,-4.513078908898649,-31.99689888138222,-34.36664885088187
603105,-35.61278863232682,3.4236804564907297,-38.81856540084389
002245,20.81203861442362,-19.45101751064836,-25.285338015803337
688498,50.12706255883006,-22.933333333333326,-23.382820784729585
002506,-42.431192660550465,-17.434210526315795,-48.77551020408164
603030,-24.896265560165975,-12.98076923076923,-40.849673202614376
301666,137.7068282451643,-30.152295387312368,-42.63152566395573
002354,12.769784172661879,-21.91780821917808,-39.36170212765958
688183,-8.178716727783563,-27.163531114327057,-28.64535337066705
600710,-11.338518215309046,9.504550050556105,-16.53179190751445
000042,-11.434977578475337,-11.731843575418988,-23.449612403100772
000014,-32.164634146341456,-7.098121085594988,-34.41414885777449
600481,-37.75671406003159,-10.45454545454546,-49.48717948717949
600023,-6.034482758620685,2.8301886792452935,-18.656716417910445
002444,-5.420141116100064,-6.022944550669218,-18.310249307479232
605077,-37.98681845416417,-9.4488188976378,-44.71153846153846
603893,19.78729359082003,13.533874476099527,-6.493052521192
002357,-25.378450578806767,-12.617309697601664,-34.11949685534591
600760,-9.998961686221575,8.512769153730604,-15.705533404648442
600189,-11.670761670761676,-1.7759562841530019,-20.1111111111111
002058,-33.40563991323211,-23.364952571143295,-43.524650478292855
000503,-12.517006802721086,-0.4643962848297267,-20.024875621890548
600121,-6.714628297362102,4.010695187165769,-31.75438596491228
000727,-15.444015444015447,-18.587360594795545,-27.242524916943523
603069,-26.136363636363637,-5.0730207532667215,-35.034192530247246
000566,0.39447731755424265,10.893246187363825,-20.839813374805594
600691,-28.402366863905325,2.9787234042553123,-28.402366863905325
002389,-16.362786348761105,0.618672665916753,-21.809440559440553
300763,-38.608094768015796,-26.921269095182133,-48.347176079734226
002682,-28.19614711033276,-5.311778290993086,-34.609250398724086
002458,9.067326966159662,15.76971214017522,-2.116402116402105
600980,-21.32680320569902,-11.428571428571422,-26.558603491271814
300322,-43.05106658047835,-31.863882443928837,-49.728958630527806
002440,7.047061692270162,13.339070567986244,0.0
002386,-16.228070175438592,-6.829268292682922,-21.291208791208792
603108,-32.62307127112417,-3.8784067085953833,-40.68564036222511
001337,-14.10283763601451,5.530799475753612,-32.176549865229106
002350,3.271095672311475,3.0324909747292406,-19.04923984570003
002449,-23.417721518987346,-21.121251629726213,-32.17488789237668
600271,-19.18465227817745,-0.4431314623338123,-23.321956769055742
002346,-6.398039749523532,-23.310283292438093,-23.98850320583682
601113,-26.78185745140388,-3.142857142857136,-28.177966101694906
601138,-3.2764190124596304,-18.327055461748266,-22.418260333127694
002824,-13.649742457689484,-39.974424552429674,-40.88161209068011
600231,-21.86046511627907,0.0,-25.333333333333343
600032,-28.023653330869447,10.028248587570632,-35.153583617747444
605028,-11.133810010214507,28.57142857142858,-11.675126903553302
603489,-28.9289871944121,-18.136104592691915,-38.84297520661156
002771,-23.168316831683168,-11.684370257966615,-37.149028077753776
000545,-15.120274914089348,-5.725190839694649,-20.578778135048225
002334,-19.897304236200252,-16.577540106951872,-34.1077085533263
605598,-45.202036071136796,-33.5027961362481,-55.973678453020085
603885,-8.412017167381979,-2.468007312614251,-11.963696369636956
002030,-8.304498269896198,4.743083003952564,-27.397260273972602
603085,-20.772532188841197,-15.398716773602194,-36.03603603603604
000718,-11.594202898550709,3.3898305084745894,-20.434782608695645
002541,5.824787881942628,24.869479761685408,-8.423423423423426
601077,-8.542437954202665,5.371248025276465,-9.041320060002732
600808,-34.51776649746192,0.0,-36.76470588235294
603335,-13.862928348909653,-39.230769230769226,-40.21621621621622
300005,-38.695652173913054,-56.65349143610013,-59.598853868194844
002606,-2.7301315037164153,-2.7857142857142914,-22.758229284903532
600569,-17.535545023696674,2.35294117647058,-20.90909090909091
603956,3.423423423423433,8.301886792452828,-12.098009188361413
002496,-11.46788990825689,1.5789473684210575,-29.81818181818182
301078,-19.907674552798603,-1.8387553041018356,-28.045619491964747
002432,-8.213103491349704,2.297090352220521,-19.487207582315236
600990,-26.09075043630017,-4.7244094488189,-31.38922640745241
000892,-37.5968992248062,-5.014749262536866,-50.07751937984496
600622,-18.972332015810277,-1.4423076923077094,-24.63235294117648
603992,-33.64500075403408,-29.078014184397162,-35.944096666181395
000629,-10.028653295128942,-1.2578616352201255,-19.897959183673464
600828,-29.62226640159046,-2.209944751381221,-32.95454545454546
002281,47.99533799533802,-27.15138070833014,-31.00912778904665
000635,-24.502487562189046,-3.650793650793649,-27.73809523809524
000625,-25.1582601592812,6.016777552791441,-26.948375523221056
600641,9.955914768552532,-19.543010752688183,-37.956053067993366
603100,-5.3879310344827624,5.9107358262967535,-16.18138424821003
301165,77.3873142889119,88.63433501933949,0.0
002057,-16.98272229245682,-37.060702875399365,-40.9383900464698
000716,-13.725490196078416,5.011933174224348,-27.986906710310965
600960,-28.28685258964143,-12.408759124087599,-32.457786116322694
000036,-21.042471042471046,-13.163481953290868,-35.387045813586106
002713,-29.334308705193855,-16.218560277536852,-36.15333773959022
605178,1.9846153846153847,-23.248813245339818,-44.78594036315175
601958,11.08286731062531,-18.803418803418804,-28.290121430915647
003010,-19.374688175619504,7.733333333333325,-23.230403800475063
002792,-44.29213729575612,-25.904317386231046,-52.06190431254129
601336,5.303637237622172,3.593947036569989,-0.21257212268448455
000949,-23.282442748091604,-14.710042432814706,-27.08585247883917
600188,7.108317214700177,21.904237754540425,-18.775210854418777
601086,-12.749999999999995,2.496328928047009,-23.715846994535518
002803,-5.855042558679402,-33.12568706485892,-33.12568706485892
603389,-19.586614173228334,-30.46808510638298,-41.58444158444159
600126,-37.94749403341289,2.4428684003152235,-37.94749403341289
002660,-28.372093023255808,-7.646176911544222,-31.85840707964601
601567,-37.30203849589865,5.464480874316924,-40.856508082433166
603138,-38.931689779147405,-19.225543478260864,-44.67194043741274
603051,-18.651685393258422,-5.729166666666652,-27.59999999999999
002291,-22.508038585209,-3.2128514056224966,-30.246020260492035
688449,17.71477296951609,-34.026284348865,-37.63975155279503
000877,-21.199143468950744,-2.902374670184693,-24.590163934426222
301150,-14.679617013441359,-46.951917572982246,-46.951917572982246
002579,-5.043341213553976,-43.42723004694835,-47.1027216856892
600893,-27.403238304987966,-7.484407484407473,-30.723126021639292
000980,-25.71428571428571,-23.152709359605904,-45.070422535211264
002425,-20.062695924764895,-4.49438202247191,-30.136986301369863
001236,-19.329608938547484,-3.9893617021276584,-26.100307062436023
002519,-36.213468869123254,-15.771812080536918,-43.21266968325792
600655,-10.141987829614607,4.481132075471694,-13.64522417153996
601616,-27.800829875518673,-3.064066852367686,-28.688524590163933
000069,-21.2962962962963,2.4096385542168752,-25.43859649122806
002574,-20.112781954887225,-1.620370370370372,-27.350427350427342
600909,67.09323583180988,-23.386420787929584,-24.462809917355365
002155,-20.095857583019516,-9.005847953216373,-24.830917874396143
002990,-8.109609331605249,-31.639118457300263,-37.177215189873415
600744,-1.6229712858926382,20.305343511450392,-14.347826086956516
600067,-33.60468074281354,-15.533980582524276,-37.123584678390756
600975,-10.58394160583942,15.566037735849058,-15.22491349480969
002766,-24.68354430379748,-2.1917808219178103,-34.61538461538461
600366,-12.063667165707981,-29.05727544339203,-33.689839572192504
002724,-29.344729344729338,1.2244897959183598,-30.04231311706629
000960,-12.894667020429818,-26.09185051778479,-29.54935622317597
002965,45.15366430260046,-8.863443596268027,-20.861719756950848
000516,-11.111111111111105,5.583756345177671,-12.050739957716704
003018,-19.856383983874693,-40.911483327657194,-40.911483327657194
600018,8.937960042060977,10.565635005336183,0.0
002054,-16.93648816936487,-5.390070921985812,-25.22421524663677
002602,-24.70876762722256,-10.625909752547313,-29.908675799086758
600428,22.666666666666657,34.96332518337408,-1.1638316920322356
002461,-11.832460732984295,6.582278481012649,-17.85365853658537
000048,32.584269662921336,-15.374271627073066,-21.65975103734441
300496,-8.742271268685919,-5.846253229974163,-21.53432032301481
300320,-13.340683572216093,-12.080536912751672,-20.92555331991951
688628,-34.132044426162075,-37.609585037989476,-41.125103410239916
600621,-4.428571428571426,-0.22371364653243075,-10.141034251175284
603980,1.4349332013854577,-8.208955223880599,-10.349854227405242
600217,-17.426273458445042,5.119453924914663,-19.791666666666664
603125,7.95279630579786,-31.510416666666664,-35.73610262675627
603313,-26.32944228274968,1.610017889087656,-33.87660069848661
300964,5.216549622093614,-37.84671532846715,-40.71022397586167
000558,-22.619047619047628,1.2461059190031154,-29.039301310043676
600228,-7.898894154818326,-40.57084607543323,-45.96848934198331
000977,17.577863921935567,28.277672451509407,-2.774400353708417
000509,-18.0515759312321,-24.13793103448276,-50.08726003490403
603988,-30.668281849384204,0.7038123167155463,-36.53668453150988
600841,-41.6931216931217,-13.636363636363635,-43.487179487179496
003007,-23.034609213843694,-10.285866951643074,-38.16976615724544
603938,38.7189999327912,-40.7577497129736,-45.54808072813613
603610,-14.21926910299004,-32.33752620545073,-33.17805383022774
000599,-15.689981096408323,1.3636363636363447,-25.79034941763727
600234,-19.29978118161926,-34.95590828924162,-41.404512233873525
600416,-30.15873015873015,-13.8099902056807,-32.773109243697476
002347,-33.5031847133758,-12.268907563025222,-38.947368421052644
002969,-52.52212389380531,-25.64102564102564,-57.08
002383,-29.752953813104188,-3.6818851251840923,-34.337349397590366
002187,-17.953020134228193,1.0330578512396604,-22.50396196513471
000990,-23.24234904880067,9.048178613395997,-29.53682611996963
002869,-35.20263901979265,-22.622397298818232,-38.72549019607844
600230,-29.581876076629953,-4.845877124920639,-33.66769926734523
601865,-31.10014104372356,-6.507177033492817,-32.89835164835166
002137,-14.10891089108911,-35.20074696545284,-43.3469387755102
600601,-8.59375,-25.635593220338993,-30.35714285714286
000681,-20.333170014698666,-22.608281770585435,-34.303030303030305
000523,-14.018691588785048,4.545454545454541,-20.46109510086457
002488,-18.826619964973734,1.8681318681318615,-28.801843317972352
002868,-42.250639386189256,-2.2510822510822592,-45.485272815065194
603882,-6.223479490806227,11.616161616161612,-7.9486289482818435
603386,-17.961511047754808,-42.736318407960205,-44.610202117420606
300919,-32.58703205926703,-12.059012187299556,-36.71528803545052
300233,-17.998968540484782,1.273885350318471,-21.003602037014033
603110,9.233351986569671,-19.538334707337192,-25.94840667678301
002463,13.60424028268552,-25.32421446544939,-25.32421446544939
000657,5.095541401273884,-45.23470839260313,-46.577243293246994
002285,-30.240549828178708,-5.140186915887868,-39.221556886227546
603126,-28.268991282689914,-16.034985422740533,-41.81818181818182
002224,-22.617680826636054,0.5970149253731405,-23.321956769055742
002738,-40.2144456227171,-12.742906276870158,-45.534564190639756
002848,-14.741847826086952,-11.991584852734915,-28.121420389461626
603002,-3.026086956521745,-44.12825651302605,-46.854746473503624
002180,-9.526401741970602,25.623582766439924,-13.256784968684753
603159,-33.67952522255193,-5.696202531645578,-38.28098032447359
688041,9.531332280147442,-13.40068835350282,-15.74399135835809
600586,-25.457875457875456,-3.325415676959609,-31.365935919055644
001258,33.370044052863435,71.52974504249292,0.0
601519,-21.194029850746276,-16.19047619047619,-30.343007915567277
001389,-5.562681666803959,-19.81174495638358,-32.165136684079734
688808,142.55319148936172,-28.222222222222225,-28.222222222222225
300031,-10.498306724721829,-39.700130378096475,-41.06403313157057
688059,-7.736619685057966,-47.49323175933951,-49.613852322687954
002406,-22.755227552275525,-2.4844720496894457,-27.39884393063584
603045,41.293955168384144,-38.103548574752764,-42.86941580756014
002685,-36.18090452261307,-21.240310077519375,-46.58254468980021
000686,-0.9803921568627416,-7.445589919816731,-7.657142857142851
603778,-66.67923105917829,-32.87775246772969,-73.29305135951662
002250,-4.154124021673688,18.100890207715125,-7.656612529002316
600733,-32.72727272727274,-7.677543186180424,-35.087719298245624
603031,-1.360634432273311,-35.67969560705638,-41.21087575086943
600152,-42.978395061728406,-37.42591024555462,-52.89993626513703
601952,-18.264379414732602,8.144192256341775,-19.881305637982194
002234,-18.67749419953596,6.3732928679817835,-20.701357466063353
300795,17.346006214585998,47.926267281105986,-10.460251046025103
600643,-19.461697722567283,-2.749999999999997,-26.045627376425852
002101,-12.187115305703722,-4.121863799283155,-22.449719152020286
603618,-10.60209424083769,-52.229410736142675,-52.229410736142675
002426,-35.34031413612565,-40.90909090909089,-42.82407407407407
000636,90.93279130396358,-45.66215213591378,-46.102705467064155
002979,42.92853573213393,15.320366352412584,-17.74968844578957
688106,-17.09411239964318,-14.687320711417096,-40.257131378063484
600711,-20.09083812362501,-1.0544815465729385,-22.93477516939293
002741,10.973187686196617,-39.348710990502035,-46.22232916265639
603507,-36.441417845294225,-16.91078561917444,-42.47939108219864
000029,-0.9187981127390277,-17.04781704781705,-33.01997649823737
603127,29.341157642037885,25.98077422707197,-8.938967136150232
603225,11.454005934718104,-15.13782196113872,-15.13782196113872
603937,-29.1696750902527,-29.576453697056703,-48.040254237288124
601121,-11.160831797841531,14.213197969543145,-14.426977687626774
600345,-10.180950487174378,-37.70514411805268,-38.02990808066951
600675,-16.153846153846153,2.8301886792452935,-20.146520146520142
600267,7.967770814682185,15.406698564593313,-3.3653846153846145
000563,-8.459214501510582,3.767123287671237,-9.552238805970159
601360,-19.03019213174748,-1.1173184357541888,-23.77260981912145
002132,-7.05830775975449,-17.057902973395933,-31.634956465656238
688002,16.32945794956968,3.736367308469113,-6.2256572541382615
600030,10.84430673896204,-1.2422360248447228,-2.8842891075670063
002307,-34.234234234234236,-16.332378223495713,-38.26638477801269
002139,-18.434620911165577,2.5504782146652527,-22.246394327612595
002088,-23.458038422649143,-1.5604681404421394,-26.930501930501926
000923,-20.022371364653235,12.15686274509804,-23.200859291084853
002185,42.339877695526226,-21.0267857142857,-31.113707165109027
600748,-35.911602209944746,-9.375,-42.28855721393035
000712,-13.71204701273262,-4.859611231101502,-23.524305555555546
603683,-43.687943262411345,-49.26517571884984,-52.962085308056864
600120,-14.951989026063096,9.010989010989023,-14.951989026063096
600376,-25.11210762331839,2.7692307692307683,-33.46613545816732
603011,-13.837375178316691,-48.972120529428324,-54.184576485461434
002072,-5.121293800539084,-13.831089351285186,-26.970954356846477
002095,-17.58856432566812,-1.3392857142857095,-21.118381915526463
688378,-0.43730295942235875,-32.519988971601876,-36.83870967741936
002628,-19.03914590747331,1.5624999999999778,-29.67542503863988
002394,-31.144781144781152,-8.501118568232657,-40.117130307467065
000060,-0.07770007770007137,-18.659076533839347,-26.556253569388932
002448,-30.03754693366709,-12.382445141065833,-35.45034642032333
000620,1.8382352941176405,-10.932475884244363,-28.05194805194805
301071,18.36485661989018,-41.58896658896658,-41.58896658896658
603768,-8.605072463768115,5.765199161425594,-17.29508196721311
600078,-28.164794007490634,-37.27926749509483,-40.91189155884165
600201,-16.256157635467982,-4.304635761589404,-24.31583082362183
300592,19.84799766150247,11.231687466087891,-13.774973711882232
600116,-1.2139605462822445,14.612676056338024,-7.5284090909090935
603668,-20.63142437591776,-9.388097233864201,-25.65337001375515
000668,9.849521203830358,-23.15789473684211,-30.9840996991835
601929,-21.79930795847752,0.0,-32.13213213213214
600010,-18.97810218978102,-3.056768558951961,-25.503355704697984
000852,-26.33053221288515,4.36507936507935,-28.0437756497948
002686,-31.266490765171508,-0.9505703422053147,-38.34319526627219
000037,-7.2385560104205275,8.842794759825324,-20.985893168489454
600022,-6.206896551724128,8.800000000000008,-11.688311688311682
600718,-10.567296996662968,7.199999999999984,-14.102564102564108
600288,-32.63513513513513,-22.04847537138388,-41.9674039580908
603876,-21.327367636092465,-27.26645984143399,-34.91671807526219
003040,-32.31667748215445,-7.040998217468819,-37.54491017964072
002384,9.978712080894091,-25.072516316171146,-25.072516316171146
300458,15.381306106060165,0.6504878658994295,-3.548309757851842
600773,-57.54257907542579,-24.567723342939484,-62.74021352313167
688309,-5.926581158779298,8.797953964194383,-26.545412685622193
300533,-34.7249674589018,-17.689969604863222,-36.345258803065214
600138,-22.7212681638045,3.3873343151693547,-24.871575342465757
603666,-25.621621621621614,-23.583857830433175,-36.43363104404065
603162,17.401060791513668,24.837310195227747,-11.325115562403699
002875,-48.20305480682839,-29.220380601596073,-54.46287519747235
002114,-29.86725663716814,-12.188365650969523,-37.59842519685039
600158,-34.28844317096467,-2.2727272727272707,-52.81207133058985
002532,-25.445522219715766,13.769363166953541,-32.00288036210266
000901,-37.61220825852782,-20.389461626575034,-43.61054766734279
001313,-15.925058548009364,1.412429378531077,-26.65985699693565
000912,-31.36882129277566,8.408408408408397,-32.649253731343286
000158,-33.29080954659012,-5.4969879518072196,-33.29080954659012
603906,-44.348894348894355,-35.90378493102227,-46.07142857142858
603066,-22.24427205484396,-13.62725450901805,-28.082763223761063
300138,-8.584070796460185,12.039045553145321,-12.383375742154357
300558,23.325213154689408,-1.7784963621665373,-16.666666666666675
000430,-23.15521628498728,-21.354166666666664,-27.66467065868263
600567,-8.333333333333325,-2.941176470588236,-15.384615384615385
600638,-27.36350459011113,-1.7215079538025813,-30.282887617869847
600860,-29.667282809611827,-7.53341433778858,-36.15771812080537
603936,-14.170292106898696,-47.728993186979565,-51.79755671902269
600076,-17.469879518072272,-14.10658307210031,-37.727272727272734
601212,-35.07170795306388,-6.566604127579733,-39.41605839416058
000863,-20.750551876379696,-11.358024691358025,-38.31615120274915
002746,0.8389261744966348,18.30708661417322,-4.1467304625199315
002705,-38.60076952257086,3.0937215650591376,-38.60076952257086
002097,-28.86944133509718,-5.7570446272077636,-31.917794876789706
600386,-22.850122850122855,-2.4844720496894457,-27.981651376146786
601606,-24.40201317905878,1.9023639669883963,-28.711224190233875
601101,22.875131164742935,1.7376194613379692,-14.898255813953476
002229,-38.80331753554502,-4.174397031539878,-48.090452261306524
603135,-23.586572438162545,-28.51239669421487,-45.25316455696202
001338,-32.06168831168832,-4.342857142857149,-38.0458919319023
002902,-15.109573241061147,-27.152754866380736,-44.73091364205257
000421,-9.830508474576272,3.100775193798455,-16.744913928012505
002148,-21.618037135278513,-1.5000000000000013,-28.276699029126217
300620,-3.459013634068342,-41.986547311991096,-43.49261083743843
600183,74.16121397744675,-33.17307692307693,-33.17307692307693
002911,-16.890881913303446,13.469387755102025,-19.303338171262695
603278,-31.967871485943768,-24.239713774597494,-50.38078500292911
600571,-26.591760299625456,-3.257650542941759,-28.46715328467152
600123,3.5603715170278605,18.82770870337478,-9.226594301221159
603628,-30.858751045865983,-3.982254145980779,-33.3431106548361
003022,-23.27095199349064,-31.04204753199269,-34.285714285714285
300434,-9.08295414770739,8.682008368200833,-16.47909967845659
688655,-5.949864089398971,-42.715231788079464,-52.74658573596358
603333,4.8689138576779145,10.964332892998673,-17.404129793510325
600873,-13.289446615922651,18.53205849268842,-20.486700622524058
601869,-3.2703172533681046,-38.06608695652174,-38.6
600422,-17.15328467153285,14.070351758793965,-19.929453262786588
603178,-5.9405940594059565,7.380319148936176,-32.02861952861954
002523,-12.335958005249347,9.508196721311467,-18.536585365853654
605296,3.94960844399046,23.35353535353535,-3.8122243226212937
002052,-13.232323232323239,6.0493827160493785,-27.996647108130766
688327,-24.386617100371744,-20.67082683307333,-31.42279163857047
002818,1.8129770992366456,-4.732142857142851,-10.486577181208057
000049,-15.33635413035902,-1.9774011299435124,-18.871075484301947
002912,-34.54815916697657,-4.761904761904756,-35.05535055350554
002131,-45.64773191663261,-20.199999999999996,-51.8174133558749
601339,-7.376058041112444,7.433380084151486,-16.648531011969524
603175,-16.512020244622516,-14.593894941214526,-24.106201476085488
603117,-23.937360178970913,-2.5787965616045905,-34.48940269749519
600513,-17.725918570009934,10.393071285809462,-30.02533783783784
002745,20.998864926220207,-15.86424625098658,-16.978193146417443
002889,-15.849056603773581,7.1085494716618625,-18.434528163862474
603070,-27.77408637873755,-17.463933181473045,-40.11019283746556
601012,-26.394479585968945,1.5067406819984308,-27.601809954751122
601963,4.237288135593231,6.544754571703559,-7.364016736401668
000922,-4.881643978149652,-22.855133614627288,-25.170532060027284
300389,-38.12240663900416,-6.43137254901961,-41.54826065654091
603115,17.69987912277673,-47.86200566052169,-47.86200566052169
001218,-10.844892812105922,-10.732323232323237,-23.65010799136069
603985,-36.77342823250296,-31.225806451612904,-44.938016528925615
300748,-18.296529968454255,-20.012353304508967,-29.981075966477434
600026,-23.323754789272023,-25.186915887850457,-32.53265908133164
600354,-0.983606557377048,23.26530612244897,-5.3291536050156685
600884,-15.674603174603174,-9.317211948790904,-27.925381571509334
601949,-18.58206539333117,7.0668369518944285,-19.8789423383243
600307,-16.09195402298851,1.388888888888884,-21.505376344086024
300821,8.449767132401863,-12.271259418729807,-46.25783053082756
000720,-27.77777777777778,-11.979166666666663,-46.00638977635783
002845,-19.092755585646582,-25.17219787100815,-27.92521109770808
600292,-19.969752347343885,-6.41120117907149,-20.867343759735814
603439,-7.098793849553453,-27.571602900007175,-40.44035180922023
002795,-38.3747178329571,-21.325648414985597,-46.470588235294116
002635,-19.245049504950494,-29.229934924078094,-44.13527397260274
600328,-28.36839113132462,-0.9433962264151052,-29.17369308600337
688779,-34.24926398429833,-12.677725118483407,-35.17459758993755
603663,18.3425127598835,-42.76150627615063,-44.59968412100594
000889,-20.041753653444673,6.6852367688022385,-31.238779174147226
603918,-28.827483196415237,-2.655771195097034,-31.928571428571427
002094,-26.93602693602695,-3.340757238307357,-33.435582822085884
600589,-28.988326848249024,-27.722772277227726,-46.16519174041298
002955,21.340523882896754,-0.2533248891703588,-16.08950452850293
301183,-1.947841142733464,-30.313401268986738,-32.662009512485135
301086,-14.695388358516748,-46.20386396594471,-47.724896586208466
000410,-23.548387096774192,-0.21052631578947212,-30.600292825768662
002692,-40.39087947882736,-4.188481675392664,-49.447513812154696
600470,-24.328147100424335,-17.438271604938283,-25.174825174825187
601388,-25.15042117930205,3.322259136212624,-28.751431844215357
002077,-24.281150159744413,-37.59873617693522,-41.132637853949326
603209,-12.411204932314702,-1.13464447806354,-13.512440444679719
002029,-27.173913043478258,-5.633802816901401,-36.84661525278492
002846,-41.27632819867966,-18.14198071866784,-43.88705316911986
000608,66.32124352331607,-6.00292825768668,-17.902813299232744
688797,,-34.86700090522945,-49.587701096768974
002526,-23.214285714285708,-1.1494252873563093,-26.285714285714278
600088,-21.98581560283688,-1.6979445933869464,-41.018766756032164
300531,-9.568109765604705,5.832978529286548,-17.304310631623977
603727,-2.0224719101123556,-5.983827493261451,-14.718826405867958
603516,-37.154445365542855,-29.405879636755415,-41.92502738190957
600880,-29.118773946360143,-2.631578947368407,-32.72727272727273
600833,-15.081042988019732,3.3004714959279813,-22.082120918202385
301248,-18.071051086318267,-35.62117891336948,-41.412975015746376
603331,-25.933469110658525,1.582867783985109,-32.98525798525799
605228,-27.87564766839379,-19.444444444444454,-33.22673488967062
600549,-18.100358422939067,-41.45119962730025,-46.804232804232804
603712,-30.348258706467657,-11.322248614410146,-32.97426690604429
600055,-30.641958967571135,-0.3802281368821214,-30.641958967571135
600988,-3.8147138964577665,45.86776859504131,-13.248436103663986
002548,-16.317991631799167,12.35955056179776,-25.788497217068638
002221,-28.95408163265306,0.17985611510793476,-32.56658595641646
600736,-27.139825512850734,-10.200523103748916,-37.839468919734465
002806,-13.671599718111338,-39.71456692913385,-43.04974430497444
002370,-30.89080459770115,-6.963249516441017,-37.451235370611194
000796,-28.968253968253965,-9.137055837563446,-35.144927536231876
600505,-13.046785850133125,5.491462851868922,-23.262839879154072
002531,-48.4947111472742,-27.98634812286689,-51.49425287356322
002008,2.9728143946802232,-31.086387434554986,-31.086387434554986
002915,-24.19432419432419,-17.09626512361916,-34.822167080231594
600936,29.620253164556964,17.431192660550444,-21.351766513056837
601377,5.962521294718903,-0.16051364365972098,-0.797448165869219
600546,6.75399099467866,14.33581762384919,-12.57123700972176
688531,70.80779636684886,-25.775298422410174,-37.62601822727639
002819,-27.234139316304105,-17.048302082433253,-32.09789220540388
600251,-22.885572139303477,6.77382319173363,-28.185328185328174
000965,-12.181303116147301,2.6490066225165476,-17.553191489361698
002564,-32.58426966292135,-5.191873589164775,-34.375
600865,-28.025477707006374,-7.050528789659216,-32.680851063829785
000403,-22.709163346613558,3.8543897216273937,-25.72741194486984
600905,-3.170312115999019,6.228093825829051,-9.195667204424996
603803,-30.389429763560504,-17.950819672131146,-41.86991869918699
002377,-21.779141104294474,-2.6717557251908497,-30.89430894308943
000729,0.5640612409347323,24.426719840478572,-11.237553342816497
603052,-42.571648182716594,-41.888888888888886,-54.671520194141095
600739,-5.459272097053713,3.6087369420702897,-9.68543046357616
600280,-12.244897959183664,-4.089219330855009,-35.338345864661655
600058,-23.794853207683943,-28.547153780798638,-29.20875420875422
603256,43.85777877529647,-44.417545888134114,-48.2053872053872
600248,-14.792899408284022,3.2258064516129004,-21.739130434782616
000825,-19.795600977560547,0.2777777777777768,-21.367893705075158
603026,-39.607767736973656,-33.01343570057582,-47.80658025922233
600410,-49.96688985357957,-19.39307728781413,-53.074321992961146
600358,-17.41293532338308,-6.214689265536711,-27.826086956521735
000428,-18.421052631578938,-2.208201892744477,-22.305764411027575
002107,-18.940397350993376,5.882352941176472,-24.537607891491973
002562,-20.109689213893965,-4.166666666666652,-26.0575296108291
002612,-22.786458333333336,3.040834057341435,-27.461773700305827
603757,21.4934808376136,-14.488320355951057,-22.64150943396226
600405,-25.335892514395386,-3.712871287128716,-27.695167286245347
002772,-44.58452722063036,-19.21470342522975,-48.288770053475936
600095,-0.6586169045005308,11.590628853267582,-5.729166666666652
002876,-11.129654740794825,-26.846021751574124,-27.50992626205332
000521,-10.414746543778797,-3.9525691699604626,-20.84690553745927
603232,-27.183406113537124,-16.20603015075377,-41.72127566622979
000031,-25.951557093425603,-4.035874439461873,-31.41025641025641
601118,-25.595238095238095,-0.19960079840318778,-35.97951344430217
603271,-9.782057780030417,-1.2427873945849988,-18.198529411764707
002923,-13.453650533223948,8.87512899896803,-23.49528643944887
300602,6.649168853893261,-26.240419524001613,-28.574218750000004
002392,-20.640365923384785,-15.725561627200957,-36.47597254004577
688030,-7.175177763413066,-9.113924050632916,-23.535676251331207
605117,-14.554090321085855,-10.884011276681427,-27.687908496732028
000737,-0.659340659340657,0.5189028910304039,-14.177215189873415
601969,-21.466431095406357,6.72268907563025,-28.65168539325843
002520,0.7518796992481258,-27.27272727272727,-31.28205128205128
002068,-12.023121387283242,-48.68509777478085,-50.29392553886349
300394,-8.120917014677087,-37.979939760797734,-40.21794279142661
002331,-34.914228052472254,-17.201540436456998,-36.13861386138614
603917,-14.051522248243565,-10.705596107055959,-19.34065934065935
001298,-22.93233082706768,-20.92574734811957,-32.091097308488614
001300,-43.88448471121178,-17.759336099585067,-47.81463928383359
002549,-33.81836427496236,-33.41746592629985,-40.93148231079265
002709,-29.011584914961798,-32.173913043478265,-41.5
000783,31.7251461988304,-11.23152709359606,-14.516129032258062
002712,-24.131627056672755,-3.935185185185186,-28.694158075601372
601208,21.28654970760231,-46.532611497808716,-48.03958411624703
300859,-21.66458852867831,-4.375951293759517,-27.68345323741007
002212,-28.589743589743588,-5.272108843537405,-29.76040353089533
000717,-9.876543209876553,8.955223880597018,-12.048192771084343
603887,-47.66807995154452,-14.792899408284022,-49.20634920634921
002329,-15.938303341902316,20.66420664206643,-32.438016528925615
002022,-15.25129982668978,2.73109243697478,-21.634615384615397
603638,-14.465408805031455,-16.307692307692314,-31.756272401433694
000547,-45.58935361216731,-22.732181425485955,-50.32974661575842
002028,-25.664995709705106,-12.353567625133133,-26.284204397868237
600323,2.7560394692072165,13.790504898266764,-4.641616671929283
000506,-18.424317617866002,5.200000000000005,-25.0285062713797
688548,21.06135986733002,-9.068261086198303,-33.63636363636363
300446,-32.29750382068263,-19.69788519637463,-36.1671469740634
000661,-8.062699455603529,19.433013260173748,-12.780214153736559
002952,-33.97697734868176,-18.664226898444635,-44.73111594653404
301377,86.002405402905,-37.22092115534738,-39.03881140084899
002787,-3.7885874649204787,-32.201713909030985,-39.142011834319526
688110,-3.7600337980566056,-36.52828085817775,-44.08443789887089
002136,-13.295210864903495,-10.14814814814814,-23.13054499366286
002812,-33.130344648872764,-24.403105317123185,-41.05082809822959
002725,-35.028929604628736,-14.647664291369766,-38.96500962518401
603929,-12.866058569371097,-35.95875641980633,-40.85807385952208
688220,14.098034886288357,1.642407553107783,-17.767345639719935
002335,-30.53012320560642,-27.266272189349117,-37.010617800188584
000697,-19.71971971971973,-23.9089184060721,-38.59111791730475
600203,-22.129783693843596,-25.83201267828843,-33.09506790564689
001229,31.405172095768606,22.447576486765207,-25.105130361648452
300271,-22.99382716049383,0.4024144869215318,-25.854383358098065
000791,0.0,3.2258064516129004,-23.444976076555022
605288,15.391188433537263,-15.44145272385723,-29.060727043496538
002066,-11.843238587424631,-4.524253731343297,-25.400874635568517
601003,-20.971302428256077,2.8735632183908066,-24.789915966386545
688297,-12.616689622002141,-6.524789522918617,-19.949530351885603
600800,-34.27947598253276,-10.416666666666675,-40.748031496063
600037,-9.946236559139788,4.199066874028001,-17.8921568627451
600446,-23.480870217554394,-8.438061041292656,-29.215822345593345
002765,-37.27634194831014,-13.324175824175832,-39.268527430221376
603886,-22.944400939702426,-19.934906427990228,-27.593818984547458
603800,37.59747102212856,-23.143025309005296,-26.192629437033677
002328,-41.717791411042946,-15.885416666666663,-51.370069256248115
603777,-14.437086092715234,-22.634730538922156,-38.62232779097388
003004,80.65224208215741,-14.423648247177656,-31.814415907207948
000550,-10.232027386839093,2.3988098927663737,-13.792203725930186
600798,-10.422535211267592,-3.3434650455926973,-16.97127937336814
002300,-37.073170731707314,-5.701754385964907,-42.666666666666664
605189,-16.075319886014416,16.614906832298114,-24.397241657019187
002571,-7.4074074074074066,-1.8199233716475027,-21.516079632465544
002756,-41.04116067183262,-24.14021164021163,-47.86185892700887
000818,-11.263736263736268,-12.761647535449027,-31.34962805526036
002729,-39.14747672709456,-37.868934467233615,-42.446709916589434
002855,-24.242424242424242,-10.440122824974408,-31.95956454121306
600962,6.144983197311582,-16.122913505311075,-26.71528007954923
002640,-2.0895522388059806,4.458598726114649,-27.753303964757713
000893,-4.763690219530947,18.22201535955317,-16.145326092339197
002810,-32.18863193089998,-22.001442192132046,-32.587770929991
000761,-21.212121212121225,5.405405405405395,-23.778501628664493
600725,-21.323529411764707,3.548387096774186,-24.82435597189695
603466,3.857566765578646,-2.143522833178013,-14.910858995137765
600999,27.873466925809254,-6.106982924068715,-15.166066426570634
002826,-20.411101732783866,1.7777777777777892,-24.46161820837849
688578,31.50337837837838,30.977917981072565,-6.345864661654133
300687,-9.394572025052195,-22.940340909090917,-37.67949454336589
600791,-50.22761760242792,-38.91992551210429,-60.121580547112465
003026,2.0143671776642336,-29.647599591419805,-39.59657969743478
002471,-40.81395348837209,-18.035426731078907,-47.901740020470825
000552,-4.044117647058831,11.538461538461542,-10.921501706484648
002408,-19.286871961102104,1.8404907975460238,-29.059829059829045
688621,-2.8123826751766168,7.173773947081186,-15.501943677853935
000695,-10.361281526925692,1.6228748068006338,-19.621026894865523
000860,-14.43217665615142,10.152284263959398,-16.858237547892728
600192,-23.500611995104038,-10.71428571428571,-31.99129488574537
600499,-18.29830855971297,10.464310464310467,-20.260130065032513
600100,-16.71588895451861,2.7696793002915276,-22.48488180318857
601162,0.5434782608695565,3.064066852367686,-5.612244897959173
002596,-12.316715542521994,0.3355704697986628,-25.806451612903224
600971,1.4211886304909438,9.790209790209769,-7.429245283018881
002104,-34.67128027681661,-11.36150234741785,-42.08588957055215
605006,28.41901066925314,-44.158582876423445,-49.07692307692307
600973,-21.650879566982407,-14.85294117647059,-26.89393939393939
600269,-5.213270142180093,2.564102564102577,-7.834101382488479
603559,16.10044313146235,-4.727272727272725,-21.946375372393245
000802,-8.578431372549023,0.8108108108108025,-29.622641509433954
300395,-25.738084220268398,-39.91763384500187,-47.022316123068805
603528,-30.062111801242242,-7.855973813420625,-32.086851628468025
600657,-15.517241379310331,-0.8097165991902799,-23.913043478260864
002093,-29.392624728850336,0.15384615384614886,-33.36745138178097
002047,-40.59590316573557,-32.8421052631579,-45.09466437177281
600535,9.84848484848484,17.452135493372612,-0.6849315068493067
600821,-20.945945945945954,6.042296072507547,-26.72233820459291
002976,-13.49916782870767,-29.975966790474107,-32.381588663455105
603327,-15.392354124748486,-22.273567467652498,-26.8695652173913
603032,-24.935665372704662,-31.97628458498023,-42.15126050420168
600906,15.999999999999993,-9.375,-9.375
688337,-33.958333333333336,-43.18996415770609,-47.636594663278274
002930,-34.43656422379826,-2.9171528588098017,-50.03003003003003
601628,15.397378463580559,15.047419497132775,0.0
603258,-35.092807424593964,-10.048231511254023,-38.27909542195257
688599,-17.428924598269468,-5.0461975835110255,-27.07423580786027
002189,-14.356191415885544,-19.180633147113603,-29.14285714285715
600246,49.17525773195879,-26.58548959918823,-30.399230399230394
601111,-10.33973412112259,-7.18654434250764,-16.735253772290804
002246,-23.95854501117659,-1.9905709795704496,-30.742180270220242
600161,-16.532258064516135,5.165114309906849,-19.402985074626866
300014,-23.79023368606701,-17.212992067055833,-26.55299710514434
002913,-9.427933555906032,-33.653413353338344,-36.855633300014276
000703,5.996649916247909,1.8673535093367777,-13.005224085784983
600397,4.0656205420827485,-43.18535825545171,-51.28547579298831
688257,16.24521072796934,-42.37964105972842,-45.72450805008944
301638,-7.826409495548958,1.552921945239083,-21.310956301456606
002718,18.371428571428574,-29.4928522804629,-31.23080753589509
600882,4.216269841269837,24.46682464454979,-4.975124378109442
600728,-20.876015542211224,2.2364217252396346,-21.01551480959096
300579,-22.94838470107686,-4.068423485899208,-25.198269646719528
002233,-18.752104140949378,0.8356545961002881,-22.325930694131525
300505,-31.830547998445404,-29.81192476990796,-35.75091575091576
600215,-19.076005961251862,-9.950248756218915,-23.949579831932777
000537,-26.979742173112342,5.452127659574479,-31.222896790980048
301349,-5.468786642277568,-36.01587301587301,-46.67989417989418
603863,-33.258300506471585,-16.654954321855243,-41.374196737518545
601375,3.5175879396984966,-1.1990407673860837,-1.1990407673860837
002967,-24.42156999119024,-11.509229098805651,-27.416841074052634
002313,-21.887966804979254,-1.6971279373368175,-26.679649464459587
002067,-12.73885350318471,8.443271767810035,-23.888888888888893
600490,-26.65837947790711,4.190078664312091,-28.829915560916763
600664,62.16216216216215,99.3355481727575,0.0
300502,29.826393421224374,-18.54084423987289,-18.54084423987289
002511,-17.481873633329503,7.17488789237668,-19.33850826864664
000408,-11.955678670360115,13.35235378031383,-12.786741301723204
002583,-22.458857696030975,-4.3010752688172005,-26.446280991735538
603093,-15.78947368421052,-16.037273173124078,-33.87408265739668
002838,-4.472045318602447,-18.07730605594279,-28.08137532780588
002466,-37.06919945725916,-28.248762376237625,-43.23828172806265
600714,-22.936288088642666,-36.68639053254438,-57.720364741641326
002840,-38.201320132013194,4.027777777777786,-45.80318379160637
600176,16.915574519963418,-45.81920903954803,-48.24608742579601
300590,-26.776740847092604,-30.184804928131413,-37.72893772893773
600052,-16.744186046511622,-1.104972375690605,-22.67818574514039
002421,0.36231884057971175,-26.13333333333333,-51.65794066317626
688202,19.61038961038961,15.946286193873282,-5.105895821408124
601566,-23.09197651663405,-4.379562043795627,-38.012618296529965
603363,-16.012084592145026,5.703422053231932,-35.198135198135205
603220,-40.28958136606862,-18.267987936234388,-44.4672131147541
002321,-10.476190476190483,11.904761904761907,-20.67510548523207
000417,-7.4459567654123315,-26.789107029765667,-43.80165289256198
002861,0.32637075718013886,-28.974121996303147,-34.78998727195588
000623,4.89230064161319,1.4067346034559058,-2.1169678178124762
300390,-33.64835164835165,-36.42872183617604,-47.358326068003485
002723,-29.51991828396322,-24.424972617743702,-38.22739480752014
002928,-26.439482961222094,-20.759493670886087,-27.797001153402533
002181,-37.88343558282209,-21.965317919075154,-58.862366683595745
002124,-14.671814671814666,7.804878048780495,-29.617834394904463
002165,-28.36644591611479,-4.698972099853149,-34.17849898580121
000571,3.826086956521735,-10.895522388059709,-14.347202295552364
601139,-5.797101449275366,13.636363636363647,-8.321579689703807
688008,37.92048929663609,-19.2219515689927,-28.614391085504444
300773,-20.302594427574448,-9.716354858177423,-25.09138250463171
000059,-14.889705882352944,17.215189873417724,-18.629173989455193
601069,-24.143145161290324,3.038083012409065,-32.023486901535684
002387,-21.170610211706098,-29.431438127090303,-31.6414686825054
600688,3.971119133573997,-5.573770491803276,-17.478510028653304
603296,17.004331055908793,15.518585911099558,0.0
000561,-24.050632911392412,-3.0955585464333746,-28.712871287128706
000809,-16.619718309859156,-11.641791044776117,-32.2654462242563
003016,-22.453987730061353,-0.15797788309636074,-26.254375729288213
688255,-21.32091447925486,-17.03571428571429,-33.29504666188083
605303,-18.14217182730048,-27.44491689215308,-45.46775130737943
600855,-38.39617631439193,-16.546762589928065,-46.37078132223763
603660,-26.2218045112782,-38.91050583657588,-43.403028118240805
600435,-28.02216834083824,-7.890070921985803,-32.33474438293715
002196,-29.146083274523647,-23.3587786259542,-40.661938534278974
601106,-26.277372262773735,-9.552238805970159,-35.256410256410255
002951,-25.11445389143231,-22.161794697484716,-53.81202097620008
003012,-24.303457536085936,-0.22123893805309214,-25.67567567567568
301281,-3.5857639818035802,-21.159737417943113,-37.932816537467694
000970,12.094395280235993,-11.392405063291132,-19.63746223564955
600653,-6.3953488372092915,3.205128205128216,-12.5
605366,-45.50853749072012,-43.84085692425403,-48.95688456189152
603829,-53.91891891891891,-19.28994082840235,-53.91891891891891
002975,-2.50852629689462,-44.35907286464336,-44.35907286464336
002051,-18.88045540796962,-36.383928571428555,-36.76035502958579
601966,-19.556770758382502,7.499999999999996,-21.477735637027674
000819,-29.09638554216868,-3.524590163934427,-31.25000000000001
000958,-9.121061359867323,-2.491103202846967,-17.095310136157337
000930,-22.370617696160267,3.3333333333333437,-32.116788321167874
603969,-16.59142212189616,5.5714285714285605,-25.728643216080403
002414,0.21849963583393528,-1.0071942446043258,-9.174917491749179
600522,0.12139605462822001,-51.370872641509436,-51.370872641509436
000546,-42.039106145251395,-19.103313840155934,-46.99872286079182
000973,-36.82158288544631,-18.986486486486488,-43.65071905254253
600172,43.01204819277107,-35.03010399562124,-36.524064171122994
000957,-17.881558355983852,3.3053569578282094,-20.054526501483437
600740,-14.45639187574671,7.831325301204828,-17.98396334478809
688778,-44.296887430998396,-17.853468348946777,-46.603935187901115
603260,-24.693011832998447,-32.07813129279098,-33.901626494219094
601828,-8.898305084745761,-3.58744394618834,-22.38267148014441
002326,-34.51563691838291,-32.6138147566719,-38.678571428571416
600326,-30.032644178454838,-3.8863976083707175,-33.64293085655314
301190,-22.749617879125882,14.604400318686018,-26.744231597915935
002557,-13.837413769782225,4.426229508196711,-17.908844881652996
600418,-53.315351764441445,-27.88194444444445,-59.59143968871595
002365,-3.29121821868662,17.313150425733205,-11.944326090044033
600299,-39.797395079594786,-6.9351230425055865,-44.827586206896555
002032,-1.7172167707404151,9.572352063649925,-7.084123972169509
600649,-12.135922330097081,4.6242774566473965,-17.35159817351598
600400,19.004524886877828,-21.492537313432834,-23.988439306358387
603722,-27.61314655172413,-28.25100133511349,-39.27683615819208
000089,-3.065693430656935,7.96747967479674,-5.007153075822613
600777,-28.42639593908629,-14.889336016096566,-30.88235294117646
300861,-6.672172733172088,-36.08339057007798,-37.27449347765751
300604,84.44585180493985,-6.048582212329434,-22.12834224598931
002176,-41.33627019089574,-24.40870387890255,-50.34182722187695
002474,-17.872340425531906,-1.025641025641022,-32.04225352112676
603328,-34.64839632585455,-37.51799596890296,-42.02511354528453
601615,-29.6821332667208,-2.620427224768662,-39.210711007936084
000822,-30.718954248366014,1.6786570743405393,-31.502423263327948
603806,-18.295454545454547,-9.843260188087765,-24.554039874081834
000631,-7.401574803149602,0.3412969283276279,-16.23931623931624
002199,14.270500532481357,-12.193126022913258,-31.568877551020403
002805,-6.308283049917729,-41.466758053461284,-42.70379067427038
600977,-11.860333616058805,-7.752626128125462,-17.241837005574723
000725,48.74815905743741,-19.414893617021278,-33.40659340659341
002274,-14.553990610328638,11.65644171779141,-19.35007385524372
603039,-22.26490031616629,-11.877962085308047,-39.59390862944162
600510,-43.62588084561179,-14.289689717545572,-46.69897032101756
002037,-27.21749696233293,-6.406250000000002,-31.2284730195178
603226,17.005208333333343,-14.646656534954406,-24.014882462371045
001256,-5.852526641457533,-11.830985915492963,-27.015323117921387
002192,-25.284685103416226,-29.86474694589879,-42.05118961788031
600676,-20.07528230865746,-7.007299270072986,-26.10208816705336
600151,-39.72881355932203,-20.19748653500898,-43.66286438529784
002468,-21.44092219020173,-2.0129403306973326,-23.982152816508638
002545,-12.304250559284114,11.617312072892961,-23.4375
603633,-34.44576877234804,-26.17449664429531,-39.29359823399559
600582,-9.444444444444455,9.641255605381161,-10.275229357798176
300408,41.59992487355952,-35.49077129935216,-38.07931479525989
603219,-24.18032786885246,-11.057692307692314,-30.263866451265486
600115,-17.194570135746602,-11.807228915662659,-20.950323974082064
000917,-35.15392254220456,-9.305555555555555,-35.410484668644905
000517,-8.695652173913048,-1.7543859649122862,-27.896995708154513
000626,-22.95081967213114,-1.0526315789473717,-30.22269353128314
600259,-18.610530944267335,-29.411764705882348,-37.60323613686162
603286,-36.86364380422328,-20.392156862745104,-45.49950544015826
688690,10.914741909927471,-19.841444615723404,-20.783460282916224
301031,-12.94051662356277,-29.79311500125639,-35.418753370829805
603773,41.68096054888508,-51.97395197395198,-53.59550561797752
000062,-34.66705607476636,-34.475688342120684,-42.77308774622666
603317,4.75836431226766,6.01956358164033,-15.780035863717877
002980,2.7949933163203378,-31.688605346038923,-35.599543205177
002544,-40.97248685313619,-15.961371527777768,-44.264536557282675
002625,-25.734283214598175,-3.208991692458052,-30.020021198916492
002714,-7.0649374970738315,22.682323856613106,-13.72941023077926
600521,7.163433839062794,14.736120630568884,-5.048213272830404
600872,-7.964601769911505,9.281961471103317,-12.071395021136688
600792,-16.70644391408115,4.491017964071875,-23.79912663755458
603165,-21.14029468289558,-4.868624420401845,-34.13590155163189
002412,20.19543973941369,29.47368421052632,0.0
002145,-3.7004977277645623,-11.354581673306763,-11.354581673306763
605358,12.454116413214479,-39.03340440653873,-46.17894340569707
600848,-8.089887640449444,10.242587601078167,-16.188524590163933
688046,36.170212765957444,19.94645247657296,-7.310344827586213
603010,-20.344287949921746,-34.44945267224726,-44.97297297297298
600702,-24.393155590927172,-8.55614973262031,-26.710097719869708
002639,-35.97560975609755,-12.5662376987131,-42.45142002989536
600843,-22.754491017964064,-26.953567383918454,-33.64197530864198
600827,-4.025157232704402,0.26281208935610145,-10.235294117647065
300199,-3.219871205151792,-4.320145520691221,-18.44961240310078
600588,-23.605497170573976,2.1621621621621623,-24.52076677316294
688036,15.519820493642488,11.215121512151228,-9.810218978102192
000415,-7.017543859649111,-3.6363636363636376,-11.850311850311835
002092,-33.283358320839575,14.690721649484551,-35.87896253602305
002469,-29.360100376411545,-2.931034482758621,-34.98845265588915
600545,-17.510548523206747,-39.37984496124031,-51.42857142857142
002225,-33.031503489907564,-17.82407407407408,-38.37875368859574
002560,-41.095078078671676,-25.125628140703515,-53.7984496124031
301500,-11.20364862185207,-18.418655492803794,-29.067004593695543
603608,37.43148003132342,-21.123595505617978,-38.828860230045315
601088,-1.8197573656845711,18.11310919989575,-8.867886587572881
000987,-13.096969019125392,-5.6007775482930455,-15.276414785737646
601965,-13.25524044389642,19.54120645709432,-20.508474576271183
002885,-15.266310506718472,-38.59690286250586,-51.2435957149511
002127,-0.9933774834437026,14.122137404580148,-8.841463414634132
000948,-8.575197889182062,12.591389114541007,-11.381074168797955
300628,3.667685468185611,10.548148148148151,-5.544303797468353
002493,2.1308473447644527,4.782237403928247,-11.43352100476397
000859,-21.498371335504885,-35.73333333333333,-39.800166527893424
600207,-30.136986301369863,-27.787610619469028,-49.504950495049506
002916,12.881321915975397,-25.830769230769224,-26.300502293077077
301110,-35.25774819832237,-13.7234321700341,-39.18319029298608
600881,18.75,7.547169811320753,-9.523809523809524
600101,-11.594202898550732,5.562422744128548,-20.48417132216016
603626,-39.81941309255078,-31.955079122001017,-52.49465431218816
002752,-20.873124147339706,-3.6544850498338777,-23.178807947019862
600984,-8.542713567839188,-11.43552311435524,-28.205128205128204
002865,-42.23320422064912,-25.559380378657494,-59.267281974006416
688107,-2.168835502168831,-33.770047436187035,-39.893398933989346
000813,-2.941176470588236,10.367892976588621,-24.48512585812358
000656,-14.084507042253513,-0.8130081300813052,-17.567567567567565
002439,-5.756358768406955,7.480916030534357,-15.333734215273598
603122,-34.40577806959948,-12.75109170305676,-44.221105527638194
002266,4.25579824363882,-8.85826771653544,-19.478260869565222
603091,-20.658008658008654,-0.28291621327530825,-24.859377818593288
002162,-13.932584269662929,11.014492753623184,-18.855932203389823
000762,-43.35064935064935,-23.041637261820757,-44.924242424242436
000659,-39.3483709273183,-26.443768996960493,-45.00000000000001
603730,1.6080402010050232,-8.589511754068724,-28.551236749116615
603997,-6.943450250536875,-3.6243822075782695,-23.379174852652262
002515,26.415094339622613,-30.6896551724138,-30.6896551724138
002645,-5.174268502581758,-42.66666666666667,-51.16343490304709
600732,-22.13490504256712,-9.65045592705167,-26.011200995644057
600935,-14.393939393939403,1.8018018018017834,-16.91176470588237
600506,-9.643128321943816,-4.545454545454552,-28.52852852852853
603659,-34.29583219831108,-15.516637478108574,-35.88516746411483
603316,-12.749003984063744,-45.3865336658354,-51.77981651376147
000897,-17.307692307692314,1.775147928994092,-21.100917431192666
001212,-33.31319234642497,-31.17854915817917,-44.16526138279933
603958,-45.992750704792584,-26.520547945205475,-50.51660516605166
600719,-1.8970189701897011,-14.521841794569069,-33.14866112650046
000155,-30.36827195467422,-2.3828435266084247,-36.155844155844164
600746,-26.862302483069968,18.899082568807344,-34.21319796954314
688400,-6.130597175116992,-32.63602193604043,-38.68995878080924
603033,-33.74888691006234,-15.165336374002269,-37.16216216216216
002935,-27.86407766990292,-30.30018761726079,-36.05851979345955
601636,-7.765451664025347,-30.29940119760478,-43.10850439882697
605068,-46.089597570235384,-20.04504504504505,-52.39691585652029
001339,22.976564387533216,-27.434301192795708,-27.508711297627297
600666,-43.238731218697836,-24.107142857142872,-52.513966480446925
603459,48.15307820299501,-6.234203875315913,-21.175637393767698
300666,46.182280235647454,-30.972727272727273,-42.23366216113408
000908,-10.183875530410191,13.190730837789655,-18.901660280970635
002292,-10.539215686274517,13.884555382215291,-12.259615384615385
603099,10.016420361247969,3.6422444100689066,-7.307256948811469
600362,1.9687712152070658,0.5130492973455469,-16.95539992628087
002584,-7.751937984496127,-30.477117818889976,-35.208711433756804
600252,-11.290322580645151,19.565217391304344,-16.981132075471685
600550,-22.436750998668444,-4.036243822075781,-30.489260143198095
601005,-13.571428571428568,4.31034482758621,-14.7887323943662
603588,-15.958077911805413,-34.94897959183674,-35.60606060606061
688192,4.928057553956844,49.39820742637646,-13.698224852070995
605069,-30.911680911680918,-34.013605442176875,-41.14077669902913
002553,-39.52120957580848,-9.319899244332497,-44.72168905950096
002925,6.950191169538589,-16.991869918699187,-19.22468354430379
002048,-33.437602298766954,-22.457627118644076,-39.28938725408884
603629,54.706048252698515,-18.698420183918884,-29.80986779733965
688070,-34.2415790602875,-19.46925906463479,-38.638638638638646
688519,42.89095540925199,-39.62576977735671,-44.059985369422094
600390,-3.9645881447266995,3.6129568106312293,-6.833457804331589
300307,-2.037617554858928,-13.194444444444443,-28.4077892325315
000518,20.486111111111114,5.7926829268292845,-23.568281938325985
300033,-0.07876772273761601,-11.837837837837839,-11.837837837837839
002268,-9.090909090909093,12.328767123287676,-17.314894842984728
002031,-18.79310344827586,-17.801047120418858,-43.92857142857143
002157,-7.278481012658222,5.776173285198571,-17.231638418079086
002086,-9.79381443298969,2.3391812865497075,-15.048543689320393
600992,-21.803278688524596,6.236080178173697,-27.727272727272734
003001,15.055231475735376,36.12334801762114,-19.545217844124284
603657,-23.63213038416764,-12.06434316353887,-44.42247952555775
002396,62.21255438160347,81.44385026737967,-1.9080659150043422
002120,-6.688916701432346,5.503144654088055,-15.395284327323166
600105,-27.82937034391264,-51.53508771929825,-51.53508771929825
300777,-35.41271082318775,-13.403219767877205,-43.984306887532696
000524,-22.30762107602555,-7.077195702735617,-29.371159188483876
301345,-16.4784993806406,7.82199479142871,-16.4784993806406
002237,-22.96054928430118,-3.498542274052485,-27.831679930230024
002558,-18.43983080946692,-8.907320591417234,-26.507811818102468
000567,4.12757973733584,-7.345575959933226,-19.448476052249642
688293,15.938461538461546,42.98001517834555,-4.91251682368774
600536,-8.662900188323919,16.947984843265584,-21.864211737629457
600110,-6.35245901639343,-42.041851616994286,-47.97951052931132
002479,-3.4671532846715425,19.95464852607709,-8.793103448275863
002042,-27.168088906529075,3.966005665722383,-31.771704777839737
600433,-17.75,2.8124999999999956,-35.99221789883268
002657,-35.29411764705882,-37.44313011828936,-39.64003511852503
603116,-6.032906764168189,-16.15008156606852,-35.26448362720404
000006,-37.85425101214576,-16.576086956521753,-44.88330341113107
000966,-4.793028322440085,7.635467980295574,-20.109689213893965
002044,-13.16959969058209,-15.775651847683358,-29.524407471354575
600127,-17.690058479532166,8.269230769230763,-24.833110814419236
000510,12.79999999999999,-40.34615384615384,-41.02661596958175
600776,-27.234042553191486,-19.610476830087308,-36.733615221987314
002841,24.04399643272166,36.08064037948415,-12.4880838894185
000601,0.7288629737609353,12.72430668841762,-25.698924731182803
300001,21.810937600411286,-4.146649810366632,-7.5140278116613946
000002,-15.466666666666672,7.457627118644061,-22.68292682926829
001287,-18.653678394882235,-27.945911139729553,-28.884652049571024
002655,3.0652866242038224,-46.54139995870328,-49.36436534324271
002782,-31.935939707960436,-36.34361233480177,-52.38879736408567
688227,-37.45860927152318,-28.72641509433963,-47.370254266806
601238,-25.035561877667146,-0.18939393939395588,-28.1036834924966
688307,-33.93665158371041,-45.617084678420674,-53.11195324041365
603161,2.619328840408519,3.721910112359539,-3.922461458401094
002436,21.762021762021753,-35.19521763497105,-35.19521763497105
600227,-15.656565656565657,31.49606299212597,-20.665083135391924
300724,-35.28435831743846,-15.86206896551724,-48.297160581769646
600604,-16.533864541832656,4.488778054862852,-27.633851468048356
002099,-26.542324246771877,-4.832713754646834,-30.24523160762943
002197,-0.2600780234070288,28.046744574290482,-11.020881670533633
603390,-37.4828060522696,-18.108108108108112,-38.952316991269306
601678,21.9607843137255,-4.454685099846389,-19.220779220779228
002110,-13.559322033898303,5.882352941176472,-20.10443864229765
600178,-23.124833170210866,-11.647407710399825,-24.73211952260649
603690,-20.648398301813977,-40.52646803586926,-43.97820163487739
000525,-22.872340425531913,7.940446650124056,-29.951690821256037
600343,-46.64381605255641,-21.775544388609713,-53.43968095712861
603826,-42.59773392361371,-29.294329682517674,-47.001974436246485
601888,-14.976142835154683,0.05433798224958597,-19.510418184467426
600330,-26.805716492854394,-46.76966292134832,-46.76966292134832
300428,-7.592407592407591,1.4810751508502529,-17.114695340501797
001309,-11.202743529027515,-51.178451178451176,-55.154639175257735
002578,-24.155844155844164,-11.782477341389729,-31.132075471698116
002064,-1.3100436681222627,4.4362292051756125,-3.0874785591766707
003041,-43.06664494052469,-22.008928571428577,-49.85648679678532
688117,-14.744525547445253,-6.109324758842439,-23.908794788273614
600111,-14.519210358734869,-18.150406504065042,-30.232155232155222
002369,-28.49083215796896,-9.625668449197866,-32.57978723404255
002339,-30.640394088669954,-0.8450704225352101,-34.572490706319705
603042,-27.210043582905097,-30.4968944099379,-38.91587968775588
300107,-16.666666666666664,4.130808950086062,-21.01827676240209
000798,-16.46803900325028,7.531380753138084,-26.14942528735632
600955,-36.406743940990516,-24.656679151061166,-38.88607594936708
002459,-31.30755064456722,-7.3291925465838625,-33.2737030411449
600048,-9.903593339176165,8.553326293558584,-22.180166540499634
000829,-27.81512605042017,11.558441558441546,-29.242174629324545
603324,2.652825836216821,-44.09547738693467,-51.71790235081375
000678,-32.96422487223168,-9.747706422018354,-41.660489251297264
600420,-8.622502628811779,7.549504950495045,-14.803921568627453
603488,-28.279069767441854,-27.94392523364485,-41.502276176024274
600403,4.761904761904767,4.946996466431108,-33.63128491620111
000722,-2.137931034482765,20.560747663551403,-14.774774774774768
000096,-19.603753910323253,7.531380753138084,-22.9
603169,-24.665856622114212,-11.806543385490754,-38.18544366899302
002905,-26.6735324407827,1.1363636363636465,-29.1542288557214
603960,-36.41304347826087,-23.943661971831,-43.63709353673224
600868,-21.47058823529412,-0.743494423791824,-29.36507936507936
600438,-35.01400560224091,-5.3061224489796,-37.19545208446129
600310,-11.264822134387343,9.245742092457409,-28.955696202531644
603703,-37.13428357089271,-25.906277630415552,-43.07065217391304
688308,5.075757575757578,-49.49804941482444,-51.571229050279335
600408,-16.242038216560516,9.12863070539418,-26.740947075208908
601595,-33.04773561811506,-3.1286894923258646,-35.772994129158505
600395,-14.51048951048951,2.947368421052632,-20.487804878048788
000691,29.372496662216285,-26.423690205011397,-28.169014084507047
600685,-16.031516320951923,1.8132189510625896,-19.50053954061971
688328,88.31010026901443,-2.3833671399594247,-34.87270574304322
605151,-19.667170953101355,-17.160686427457104,-31.424881618596643
601633,-18.460764587525148,5.809399477806787,-22.84626368396002
601992,-12.962962962962976,5.223880597014907,-18.965517241379317
000776,14.904330312185298,-1.382886776145209,-8.205953338696704
600273,-19.888540578195745,1.1730205278592365,-22.584988219454726
688668,-4.019279128248121,-43.0195814983454,-46.988425925925924
000876,-18.64801864801864,17.11409395973156,-21.836506159014547
603665,-20.428462127008416,-21.03264996203492,-36.64331404203472
603083,10.217788210745947,-35.08832565284178,-35.53640212043781
603000,-19.099033941209896,2.978891300059172,-22.194067670293627
002355,-28.934010152284262,-4.109589041095885,-37.12574850299401
601688,11.0223642172524,-2.5700934579439116,-3.6506469500924177
000504,-16.648992576882282,4.521276595744683,-22.178217821782177
002356,-22.289156626506024,-11.03448275862069,-26.285714285714278
001388,-4.643714971977586,28.195468489317044,-10.853293413173649
300184,-11.678832116788318,-33.40671436433683,-33.73493975903615
603677,-17.085751128304327,-4.386617100371748,-30.785791173304624
002989,-14.84909456740443,-42.995689655172406,-45.28057926040858
600665,-14.506172839506181,-17.80415430267063,-31.94103194103195
688231,-1.348660731056761,-20.424242424242422,-40.04566210045661
002016,-21.579743008314423,0.4842615012106588,-29.68485259234157
600961,-21.211118464592982,-31.97142857142857,-33.32399887986559
000731,-19.23076923076924,11.787072243346008,-19.891008174386926
002314,-16.393442622950815,2.0000000000000018,-25.547445255474454
600579,-12.040557667934081,-12.040557667934081,-15.980629539951563
600703,-19.722038385175377,-44.02399630826027,-44.38331040806969
600708,-11.377245508982037,-18.681318681318682,-27.628361858190708
600981,-18.705035971223026,-0.440528634361248,-25.16556291390729
603001,-35.26881720430109,-44.31082331174839,-57.425742574257434
600596,-17.680000000000007,-40.0,-42.19101123595507
002791,-22.06781545302946,3.9288361749443945,-28.065674704976907
603196,-45.46235327798453,-23.09245054501412,-45.46235327798453
600756,-8.647313156269309,17.380952380952387,-15.389016018306645
002747,51.84287099903004,-15.080010848928671,-36.10204081632653
600156,-22.173435784851804,-17.84472769409039,-50.03523608174771
002624,-39.13043478260869,-14.261744966442947,-50.02444987775061
001316,-28.41740906769563,-27.54164273406089,-42.95855847708621
600629,-25.966052726616105,-1.9138755980861122,-33.44515989394513
002289,6.506632975363225,-30.287368203431875,-31.933790876059753
603101,-33.07766059443911,9.576138147566727,-36.88969258589512
000536,-21.683673469387756,-2.848101265822789,-33.26086956521739
600866,-25.645161290322584,11.352657004830924,-30.2571860816944
000007,-33.068592057761734,-28.856485034535684,-46.13596746077862
002611,-17.54345837145471,-16.40579710144927,-29.14004914004914
000886,-19.893428063943162,6.872037914691953,-22.37521514629949
002870,11.018247666805948,2.494855967078191,-7.743951846278508
002613,-19.638242894056855,-30.112359550561806,-43.040293040293044
600593,13.299000302938513,0.7543103448275801,-9.661835748792269
000688,-33.40924618537918,-13.208667260314632,-43.2012432012432
605055,-26.001780943900265,-25.47085201793722,-43.88926401080351
002828,5.579399141630903,23.742454728370245,-8.753709198813054
002379,-24.64996315401622,29.75888324873097,-29.604130808950092
603068,0.3279666070363785,-13.585002568053417,-16.604708798017352
002672,-22.58823529411764,-14.76683937823834,-26.23318385650224
603458,-34.34782608695652,-50.62132112491824,-51.47814910025708
600810,-22.43667068757539,-4.740740740740746,-27.752808988764055
601899,-2.564102564102555,29.444009397024296,-6.292517006802722
603358,-6.712172923777016,-21.923351582956442,-25.842188559801038
301308,0.9809268697658968,-44.50760372065554,-48.02240354031254
601011,-17.161716171617158,-13.44827586206897,-24.397590361445786
600419,-16.274089935760173,0.6435006435006496,-19.630010277492293
603261,21.306818181818187,-17.884615384615376,-25.349650349650343
603933,-19.981455725544727,-25.95452595452594,-35.6929955290611
002125,-13.108348134991111,-20.1175702155454,-38.54271356783919
002599,-13.294797687861271,15.606936416184958,-17.920656634746923
600815,-31.958762886597935,0.7633587786259444,-46.450304259634876
603121,-49.76030680728667,-18.188914910226384,-54.63203463203463
600409,-14.099216710182771,-3.5190615835777206,-16.39135959339263
603682,7.755102040816331,7.608695652173902,-17.154811715481177
002084,-9.459459459459463,-4.011461318051579,-13.436692506459947
601233,12.208436724565752,-7.638888888888895,-7.638888888888895
600257,-20.000000000000007,9.977827050997789,-25.748502994011968
688151,-27.23750869176518,-3.934426229508192,-31.233571160345463
601066,25.571628558096137,-8.964817320703645,-11.041322314049584
601798,-16.43026004728133,-9.706257982120048,-24.626865671641795
600155,-8.548387096774201,-1.0471204188481797,-11.544461778471138
600606,-4.477611940298509,2.400000000000002,-21.95121951219512
600293,-15.259740259740262,-17.405063291139243,-36.80387409200969
002434,-25.694444444444454,-11.71617161716172,-34.99392466585663
600989,-17.57719714964371,14.737836561171447,-21.97237391583682
002585,3.421052631578947,-46.53061224489795,-47.10632570659487
000993,-16.825396825396822,2.946954813359537,-30.825082508250823
600029,-6.834532374100721,-7.168458781362008,-10.843373493975905
600256,-2.6444332154286654,20.74368080217255,-13.949679916629442
603615,-27.170181461500743,-8.671586715867175,-35.769896193771636
002878,-37.60353395913859,-4.318374259102454,-43.15895372233399
605555,-29.931549471064102,-7.704918032786878,-31.04715248009797
002961,-21.41967621419676,-10.454115421002841,-27.023901310717047
688195,-48.84536685179772,-38.265556099951006,-55.5607283808234
300438,-12.70941652224148,-27.5733972438586,-34.3614248479583
603833,-30.49769787327341,2.6554404145077815,-38.17047006046421
000759,30.326295585412666,9.339774557165859,-5.9556786703601095
688005,-21.212121212121215,-17.560975609756092,-30.84398976982098
603077,-18.430034129692828,0.0,-26.687116564417167
001317,-3.2606560597132184,21.66501976284585,-18.621943159286193
600598,-21.419270833333325,12.909260991580918,-25.905463474524236
002638,-24.33035714285715,-11.71874999999999,-29.81366459627329
601700,-1.9801980198019709,11.990950226244346,-14.948453608247425
002413,-42.65682656826569,-19.062500000000004,-48.026755852842804
603444,-9.194476934060425,3.6767256330211717,-12.520913715983195
300867,-26.063629518072283,-13.633864760857616,-33.902726354762706
002663,-27.96208530805687,2.0134228187919545,-37.4485596707819
300363,-23.43823391263503,-0.3058103975535187,-27.361853832442073
000672,13.708579210167947,-31.275720164609055,-36.52871621621622
600782,-6.4039408866995,12.204724409448819,-17.27140783744556
000858,-24.168118996473865,3.338764463836963,-25.880442102761158
002039,-1.080550098231825,5.832895428271145,-13.114754098360649
002926,1.4134275618374437,1.0563380281690016,-2.1590909090909216
603878,-42.58793969849246,-14.897579143389194,-46.424384525205156
002842,-0.6349805104991835,-38.51390780003891,-39.77900552486188
600877,-30.81499107674003,-30.108173076923073,-34.662921348314605
000881,-17.63157894736842,-1.572327044025168,-23.56532356532356
000519,-19.311334289813487,-35.02772643253235,-37.077646005817854
002775,-3.551912568306015,-3.551912568306015,-18.47575057736721
300891,-27.67962308598352,-10.495626822157444,-29.908675799086758
603779,21.870047543581638,0.9186351706036877,-47.03856749311295
600063,-19.884726224783865,-32.850241545893724,-37.17514124293786
000090,-5.855338691159595,3.015075376884413,-14.449660928534168
603533,-28.6578449905482,-11.158192090395469,-30.853792598021247
600006,-16.718750000000004,-0.37383177570092796,-23.309352517985616
002554,-14.70588235294118,-7.05128205128206,-22.252010723860593
688385,-28.70058354565628,-18.381107696167597,-31.926970259736866
600995,-10.214340571109414,4.979591836734687,-21.297429620563037
603711,-17.263843648208464,-13.825275657336721,-34.5360824742268
605208,-17.433570965651324,-17.21897335932424,-34.02382185396168
002453,-18.891170431211503,-15.598290598290587,-39.60244648318043
002572,-32.01013513513513,6.481481481481488,-34.44625407166123
002362,-22.481040086673886,-8.853503184713373,-27.58097165991903
001393,,-19.91981046108985,-63.58664125300406
301536,61.68312812880528,2.8157997653500244,-4.051094890510953
601956,-23.9460370994941,-1.7429193899782147,-32.18045112781955
600683,-41.94018964259665,-34.59326211996713,-61.82254196642687
688213,-0.7947443260105214,-7.264296754250388,-21.78673850699574
000301,-2.248995983935742,5.4592720970537245,-11.87545257060102
601065,-17.739975698663436,1.6516516516516422,-19.50059453032106
300012,-18.22008418520745,-3.886925795053009,-20.83818393480792
603818,-6.764705882352939,6.734006734006726,-17.87564766839378
002302,-20.248667850799286,-0.44345898004433115,-21.640488656195465
002218,-26.959847036328878,-1.0362694300518172,-36.22704507512521
605399,-36.369680851063826,-26.271186440677962,-39.77344241661422
600487,-19.630998440838475,-54.639528062055916,-54.639528062055916
002536,31.49606299212597,-3.449604933513195,-10.37567084078711
301563,-3.722700989215799,-36.17403241987434,-46.0958751393534
002540,-22.549019607843135,-1.2499999999999956,-30.701754385964907
002182,-28.944099378881994,-9.350237717908083,-31.45596165368485
002465,-37.6220780039065,-20.673076923076927,-43.90934844192634
300209,112.82245827010624,-5.5555555555555465,-12.234042553191493
300223,26.836606769745085,-36.06336366700371,-41.53182308522114
600644,-14.683026584867076,29.004329004328987,-17.712031558185416
300201,18.965517241379317,-25.324675324675326,-34.50403417180825
600233,-17.85055350553506,14.533762057877798,-19.521012200632626
600162,52.29885057471264,-24.28571428571429,-32.74111675126904
603097,-26.101305782752192,-21.229733863566846,-36.13855247385608
300475,0.6495110145213978,-46.754722897232895,-46.754722897232895
601996,-19.330855018587357,-1.8099547511312264,-30.670926517571885
002038,-19.452449567723352,4.096834264432014,-30.645161290322587
001979,-15.15224455409796,6.190691369182089,-27.086565311821285
300159,-14.199395770392753,-22.826086956521753,-34.41108545034643
603038,-27.801078490113838,-19.933554817275745,-30.587557603686633
600831,-18.361581920903948,-5.863192182410415,-34.467120181405896
000735,-24.567993989481607,3.2921810699588328,-29.44483485593816
002695,-23.633156966490297,-14.172447968285429,-33.79204892966361
002575,-18.638573743922215,-16.61129568106312,-33.15579227696405
605100,-12.236868556330949,-22.515212981744426,-26.414640019263192
600997,-7.191780821917804,11.293634496919914,-8.754208754208758
002786,2.5495750708215414,-5.606258148631027,-23.789473684210527
000905,-19.150943396226406,4.384896467722288,-26.877133105802052
600135,-34.8993288590604,-14.483627204030224,-44.207066557107645
600963,-27.00892857142858,5.825242718446599,-34.20523138832997
002779,-37.84261812429279,-21.175814990247986,-42.35177845476683
000670,-23.2,-29.238329238329243,-42.62948207171314
301200,34.21165842116585,-35.59890591938897,-35.59890591938897
603836,-15.300835360050769,1.1363636363636243,-20.771513353115722
002517,-8.210849418570321,-3.2358431860609826,-22.60216017122094
001331,28.076509660171432,-0.5734092173392158,-29.77179990932447
605136,-30.434782608695656,-0.4059539918809141,-33.57400722021661
002083,-5.27458608522573,-12.311557788944716,-26.49020571508811
002278,-34.63166807790009,-2.402022756005062,-37.38848337388484
002931,-36.3728323699422,-34.175512034683805,-44.651162790697676
002452,2.5617566331198605,-13.302397525135333,-18.944323933477936
603306,-29.868756608820046,-40.82917869325636,-42.82067753059706
002164,-20.228136882129277,-13.662551440329217,-29.832775919732434
002121,-35.1531291611185,-10.968921389396701,-42.84037558685445
001365,,-3.366583541147139,-43.47191830780452
002470,-35.35353535353536,-5.882352941176472,-37.04918032786885
600594,-18.013856812933028,15.63517915309447,-26.195426195426197
000050,-22.004889975550125,-38.53564547206167,-40.48507462686568
603719,-15.30846915308468,-6.512141280353201,-22.866769875239047
000933,-18.055295512700486,18.181818181818187,-24.139126415530388
000055,-3.1976744186046457,-3.1976744186046457,-20.525059665871126
002492,-37.06896551724137,-8.093525179856098,-38.65546218487395
600118,-36.58359293873312,-13.620933521923629,-47.40332443372664
603421,-34.15536374845869,-14.0096618357488,-39.455782312925166
300818,-27.590465142386698,-4.01785714285714,-31.736400197558734
603679,17.180616740088126,-24.752475247524753,-25.52496500233318
603103,-35.901093675701375,-9.530201342281874,-44.617912900575185
601588,-5.747126436781613,-4.093567251461994,-26.126126126126138
300073,-31.879200226791394,-18.070597673485757,-37.02498959409253
603567,-1.5151515151515138,43.17180616740088,-17.825537294563844
603132,-16.3518618456557,-6.570223025919231,-23.381117152743446
603123,-20.800696257615325,8.333333333333325,-30.640243902439025
002497,-39.609356487593516,-19.67582170193607,-42.49057090358145
688530,41.66233766233767,-37.73972602739726,-45.29040024074631
000925,-26.07512248230811,-25.994550408719352,-42.57928118393234
603990,11.219195849546026,-17.74580335731416,-25.43478260869566
300801,-31.197290872977113,-25.388418079096052,-40.39492242595205
002527,-21.114599686028257,-22.63279445727482,-38.30570902394106
002169,-13.09431021044427,-27.456083279115152,-40.65992549228312
600072,-35.410334346504555,-2.9680365296803624,-39.28571428571429
603223,16.947250280583614,-12.87625418060201,-27.63888888888889
002074,-28.858722976370032,-0.9103641456582601,-30.05437469105289
002829,-5.428443248093318,20.8022922636103,-23.261740080087367
600793,-28.08988764044944,4.832104832104833,-33.91843056272587
002385,-21.705426356589154,11.397058823529393,-25.369458128078815
002827,-19.71608832807571,1.8407362945178196,-23.04203205322044
000797,-15.12915129151292,2.2222222222222143,-20.6896551724138
603222,-16.97722567287785,10.316368638239348,-24.48210922787194
002388,-21.11553784860557,-26.530612244897956,-38.509316770186345
000913,-17.966360856269116,2.581261950286806,-27.889784946236563
603901,-29.359999999999996,-12.400793650793652,-33.35849056603774
603839,-22.336328626444157,1.001669449081799,-25.216316440049447
603095,-31.5242494226328,-20.986009327115262,-55.413533834586474
603186,81.52779665624578,-49.18188736681886,-49.18188736681886
603387,-4.565217391304344,12.564102564102564,-12.549800796812749
603330,-14.586255259467041,-20.18348623853211,-35.2816153028693
301531,,-33.32886805090423,-56.559308719560086
603681,-1.2724117987275796,-27.36170212765957,-37.449615243679006
600538,-33.23353293413174,-24.78920741989882,-37.796373779637385
600986,-44.06504065040651,-7.027027027027033,-44.06504065040651
600319,-30.729166666666664,-19.63746223564954,-37.264150943396224
002100,-5.5139186295503295,20.683760683760678,-14.651837524177957
002166,-24.57904583723105,0.3110419906687367,-30.94218415417559
603212,-24.694024478041754,-11.580726965342347,-36.87386843693421
600329,0.0800213390237392,8.407974573822607,-9.152542372881346
002146,-11.99999999999999,-0.9009009009009028,-21.985815602836865
300671,44.176285414480596,-4.05027932960893,-32.857701329163405
002348,5.845511482254695,-7.312614259597794,-34.02732595966167
300700,-11.01591187270502,-36.31187034603591,-40.77393075356416
002956,-13.675345349971757,-24.245155475439397,-27.835494118657166
000868,-21.78899082568807,0.887573964497057,-24.390243902439014
000009,-29.8876404494382,-5.167173252279634,-32.75862068965516
002376,-11.74793270601654,6.357388316151202,-14.313399778516056
002796,-52.294372294372295,-31.382316313823154,-55.122984199380994
000151,-15.363636363636356,-18.333333333333336,-36.881355932203384
600879,-34.95487096910887,-18.907496434043004,-42.63612242609963
600399,-31.314878892733567,-7.0257611241217655,-34.0531561461794
002230,-17.316724525219517,-2.6214526214526135,-19.342629482071715
002693,-0.23228803716608404,1.416765053128688,-26.012058570198104
600460,16.149963950973323,-35.27521092808357,-40.967387321363134
000630,0.9615384615384581,-5.688622754491012,-20.554854981084492
603375,-20.30021443888491,-29.1463672950646,-38.52233045396066
002134,-9.114927344782032,-30.223123732251512,-37.111517367458866
688609,-6.118143459915615,-19.602529358626917,-33.283358320839575
603726,4.122766834631242,-21.349480968858124,-35.88152327221439
002005,-21.575342465753423,-8.399999999999997,-24.422442244224417
000936,-39.802224969097644,-10.968921389396701,-41.95470798569726
600212,-34.765625,-6.703910614525144,-38.30049261083743
300054,27.275922671353257,-24.127815610267156,-31.6599037463433
002480,-15.544871794871806,1.737451737451745,-21.693907875185747
002677,-17.881311816762114,0.7343550446998526,-24.916706330318906
000839,-15.909090909090917,-4.428044280442811,-27.042253521126757
002546,-2.026221692491059,7.4509803921568585,-11.612903225806448
603139,-4.651162790697683,-17.484276729559756,-27.449679274496795
600325,-30.17241379310345,2.9661016949152685,-34.50134770889487
002678,-29.36096718480139,-5.977011494252871,-34.976152623211455
002240,-40.2709601413705,-34.59471081487852,-51.04602510460251
300607,-2.9474956358265025,-28.15606361829026,-45.41163141993958
603124,-6.696360006143454,-35.577942735949094,-42.501538024703045
600801,-5.373525557011794,25.274725274725274,-5.744125326370764
002309,-28.883495145631066,1.736111111111116,-43.32688588007737
000810,-25.03987240829345,-23.202614379084963,-29.798356982823005
601677,-8.409658617818483,-0.9009009009008917,-15.319476520400311
002428,-0.6873297886136664,-41.13306172649705,-41.13306172649705
000882,-12.73885350318471,-0.7246376811594013,-20.348837209302317
000707,-30.1948051948052,-4.017857142857151,-31.419457735247203
300548,-34.925522497209506,-39.963069493270844,-43.22699798522499
600682,-19.270072992700726,0.0,-24.761904761904752
002045,-31.360946745562124,-6.683168316831678,-36.55868742111905
600489,-12.064238151194683,18.845950238221263,-20.446491849751947
002338,-35.77262877146191,-27.981308411214954,-42.53542132736763
002623,-33.0403553539363,-8.874598070739559,-40.81530365048868
603060,-25.931053578845354,-11.759854857331353,-32.38973840515607
002318,-28.589654795319507,-18.10200668896321,-35.26748835211314
002407,-7.203312427692854,-30.395067366978758,-44.83257918552036
600927,-7.796852646638053,-3.009781790820154,-16.83870967741935
600743,-14.28571428571428,-11.688311688311693,-36.44859813084111
002739,-9.651741293532346,3.89016018306636,-12.943432406519651
600707,12.749999999999995,-33.82245047688922,-48.924122310305776
000975,-17.355072463768128,26.441241685144124,-24.520185307743215
603353,-15.079801871216302,-22.070707070707073,-45.553987297106566
002310,-22.222222222222232,9.174311926605494,-30.813953488372093
605289,12.282299867699065,-25.31736872475475,-35.0846394984326
688380,-14.055819868014286,-36.5079365079365,-40.52495827643756
002208,-1.670644391408116,-20.66752246469834,-52.24111282843895
002416,-30.39443155452436,-7.502569373072976,-33.96918561995599
300747,-3.649511327043675,-42.362284555593114,-42.362284555593114
000032,-16.624755518301203,-41.90031152647975,-41.90031152647975
600281,-29.42238267148014,-10.114942528735627,-31.52364273204903
000514,-21.65605095541401,-1.8617021276595702,-28.349514563106805
600199,-12.143742255266421,7.424242424242422,-22.25877192982456
600331,-30.043859649122805,8.41121495327104,-30.68984247691472
003029,-26.720455624110116,-6.875753920385996,-29.7862664847658
300373,13.102610807528858,-32.2371771553292,-40.76194110538701
002279,-24.40846824408467,2.533783783783794,-26.602176541717036
002919,-23.983554134307905,-15.490096495683092,-37.86407766990292
002768,43.06810284920082,-7.0016939582157045,-17.663722712881192
603636,-31.28491620111731,-25.091352009744217,-51.22918318794607
301669,,-33.41777496305679,-38.51851851851852
600839,-25.85470085470084,3.2738095238095344,-27.48171368861024
000721,-24.015748031496067,-1.1945392491467643,-29.987908101571946
603072,-13.146734520780324,-23.08462694041061,-27.221037668798864
301179,-19.927398590181923,-16.09907120743035,-32.03396510336427
000800,-9.93566833452466,5.087572977481236,-11.578947368421055
605118,-33.54385964912281,-15.21933751119069,-41.996733360555325
002366,-24.320457796852647,-6.371681415929209,-32.78271918678526
600770,-30.559540889526538,-25.19319938176198,-42.24343675417662
603007,-27.65957446808511,-27.54098360655738,-52.26781857451404
600131,-13.626373626373622,0.9633911368015502,-16.78136580201165
601211,16.371411117898592,7.203151378728201,-3.7878787878787845
000426,-17.143561914158845,-4.790249433106575,-34.07262021589793
002903,-24.512,-53.0547263681592,-56.516129032258064
605007,-5.081433224755694,16.466826538768984,-8.76643706950533
002489,-17.538461538461537,-4.2857142857142705,-35.26570048309178
002973,-28.046874999999993,-20.190641247833607,-34.30813124108416
000792,-26.296098343132023,-8.76612636453854,-31.73267326732674
002190,-26.8979057591623,-9.919354838709681,-34.00295420974889
301217,98.2553191489362,-49.15698150270094,-53.410000000000004
002184,-18.528368794326244,-2.854122621564492,-28.371005455962596
603392,-24.871531346351496,6.520947176684877,-36.68254655695107
000710,-19.111570247933884,1.953125,-31.375985977212974
603978,-29.187916830129456,-34.268026219956305,-46.7551622418879
000607,-17.048346055979657,3.4920634920634797,-21.82254196642687
300515,-0.4199160167966398,20.815138282387192,-8.941305540318156
001330,-40.71702944942381,-33.18903318903319,-52.317198764160665
600392,-13.006482982171807,-32.695924764890286,-37.185488589818604
002681,-14.84375,-8.210526315789469,-25.97623089983021
000541,-12.811387900355864,-1.6064257028112428,-14.335664335664323
002892,-17.459736456808205,-4.449152542372881,-26.833225178455542
603399,-4.390243902439018,-39.66578715919085,-44.13680781758957
688268,-17.039137833238804,-41.84261799673944,-47.2841953505136
600797,-20.948180815876515,8.636363636363642,-24.287222808870123
000890,-58.86699507389162,-19.128329297820823,-61.16279069767442
600790,-14.40217391304348,-6.528189910979232,-34.78260869565217
600500,11.627906976744185,-44.44444444444445,-47.82608695652174
603200,-48.70649830612873,-23.23115925328416,-51.919745958429566
600185,-21.959459459459453,-0.4310344827586077,-23.76237623762375
002373,-24.009036763195724,-0.8042895442359144,-25.38818310143173
002324,-46.77990956861786,-31.091772151898734,-49.87338858195211
600712,-19.65217391304348,-2.1186440677966045,-29.141104294478527
600232,-34.05017921146953,-18.343195266272193,-39.00552486187846
600611,-10.828025477707005,8.247422680412386,-31.372549019607842
000790,-4.6272493573264795,3.0555555555555447,-19.34782608695652
605066,-16.511318242343542,-11.814345991561193,-23.536585365853657
002378,-24.576271186440678,-39.70818134445023,-42.72277227722772
605255,-36.64247248887848,-18.855703490464194,-43.68366285119667
300733,-11.728957763597691,-8.934169278996873,-26.56259874865703
601500,-9.557109557109555,3.4666666666666623,-16.916488222698078
002647,-29.629629629629626,-26.528776978417255,-40.79710144927537
600584,80.4197365483367,-22.42488240376308,-24.22168042010503
600853,-19.408314205559797,2.2322872856680664,-22.75727206062087
002475,-7.092209349994693,-17.623618421938325,-23.523015585357008
600198,-15.337423312883436,-27.89968652037618,-32.08661417322835
301369,21.86721447615718,-40.06191151812202,-43.097959183673474
000676,-6.5040650406503975,31.67938931297709,-11.196911196911186
688205,-41.95121951219512,-39.299540010019584,-55.023116120541296
600497,3.638368246968038,-23.639317627944756,-26.5625
000572,-35.93466424682396,-8.311688311688314,-39.96598639455783
000833,-21.28074970714564,-18.905872888173768,-36.08116677235257
300759,34.390075809786346,54.946364719904636,-3.2258064516129004
002123,-21.227364185110666,3.026315789473699,-24.274661508704064
002254,6.17977528089888,-43.77788795240457,-43.77788795240457
002204,-21.977367480643238,-2.782931354359919,-23.122065727699525
600503,-13.53711790393013,-4.807692307692313,-32.1917808219178
002641,-7.729468599033817,1.0582010582010692,-12.98405466970387
605588,-29.910096818810516,-36.37790332705587,-42.176579660533456
002567,-10.784313725490192,14.10658307210031,-15.935334872979212
000665,-19.39655172413792,-1.8372703412073421,-25.2
000999,-5.3840361445783085,10.364514712340789,-8.485069191551354
000008,-13.653136531365318,-6.400000000000006,-25.00000000000001
002374,-9.646302250803851,-19.943019943019934,-28.132992327365734
000685,-0.31347962382444194,2.2508038585209,-11.066719936076709
000807,-20.48178509070462,13.904196693514216,-25.95960430960843
601727,-14.62799495586381,-3.9716312056737646,-25.929978118161934
002405,-31.04972375690608,-8.905109489051089,-35.47052740434333
002993,-16.001553129988356,-42.861335289801914,-46.36363636363636
600727,-7.653701380175648,1.939058171745156,-16.268486916951062
600322,8.936170212765958,-6.569343065693434,-17.152103559870547
300857,-8.819744113861761,-29.563132346920874,-29.563132346920874
002213,-21.745230078563416,-29.907011812013064,-38.17335402349812
002648,-8.082699864125441,-2.5311526479750768,-15.981336645295553
600501,-41.65571616294349,-14.28571428571428,-46.54895666131621
600619,-28.05503731343284,-12.544294826364277,-36.496500617538075
002552,90.90909090909092,-45.132013201320134,-47.96557120500783
600266,-14.853556485355647,2.0050125313283207,-24.208566108007446
002368,-32.43781094527364,-14.21351863550221,-35.36411232746312
002393,-18.064925330104366,-0.9756097560975507,-26.3806859392809
002568,10.936460915301382,28.321678321678334,-9.872298624754416
000926,2.0618556701030855,-0.5025125628140725,-23.55212355212355
600173,-17.36204576043069,0.32679738562091387,-23.153942428035045
002111,-3.8381742738589297,5.340909090909074,-18.68421052631579
600383,-15.413533834586469,1.8099547511312153,-28.79746835443038
002343,-27.22852512155591,-0.8830022075055233,-30.602782071097366
601061,-16.289755187019882,4.677260077206213,-19.96705333241815
002382,-28.625472887767966,6.390977443609014,-28.625472887767966
002582,-24.812030075187963,4.026845637583909,-24.812030075187963
601108,3.8787878787878816,0.0,-6.441048034934493
000592,-46.87791239515378,-17.030567685589514,-53.80875202593193
600603,-30.756578947368418,0.0,-40.70422535211268
688525,-5.9620107703747145,-47.863835103060595,-50.609467455621306
688603,12.33460417133887,-46.19474730114399,-51.82495792257753
002167,31.89853958493467,-24.63768115942029,-34.12667946257197
000723,-17.045454545454554,3.399433427762033,-20.824295010845994
300980,-39.88907210313296,-24.325344404604643,-46.75341920063737
000603,-33.94519819100825,7.442665512765023,-39.54224494765036
