序号,股票代码,股票简称,预测指标,业绩变动,预测数值,业绩变动幅度,业绩变动原因,预告类型,上年同期值,公告日期
1,600521,华海药业,归属于上市公司股东的净利润,"预计2026年1-9月归属于上市公司股东的净利润盈利:102,800万元至110,300万元,同比上年增长:170%至190%,同比上年增长64,764万元至72,264万元。",1065500000.0,180.0,"报告期内,公司实现归属于上市公司股东的扣除非经常性损益的净利润较去年同期增长约145%到175%,主要系:1、原料药业务紧抓市场机遇,通过纵深拓展全球销售渠道、持续拓宽客户群体、加快新产品上量进程,有效带动原料药业务销售收入同比大幅增长;2、国内制剂业务紧抓前八批集采接续政策窗口期,在稳固原有中标产品市场份额的基础上,新增12个集采中选产品,实现存量维稳、增量扩容双向突破。同时新产品增长势能强劲已成为国内制剂业绩增长新的驱动力;3、美国制剂业务坚持提量增利经营方针,深耕细作,精细化运营,经营业绩与发展质量均取得显著成效,同比实现扭亏为盈;4、缬沙坦欧洲仲裁胜诉收到的山德士支付给公司的律师费、仲裁费及美国关税退回等影响利润增加;5、报告期内,为充分释放各研发平台的专业潜能和自主创新能力,公司在研发结构优化中持续聚焦优势研发产品,加速推进研发进度靠前的创新药产品和高端复杂仿制药、原料药产品研发进程,实现研发效率快速提升的同时相应研发费用同比减少,影响利润增加。报告期内,公司实现归属于上市公司股东的净利润较去年同期增长约170%到190%,除上述因素影响外,本期处置子公司华海天衡(上海)药物研究股份有限公司67%股权产生的收益等亦影响利润增加。报告期内,因美元汇率波动,公司汇兑损失约1.3亿元。",预增,380356300.0,2026-10-08
2,600521,华海药业,扣除非经常性损益后的净利润,"预计2026年1-9月扣除非经常性损益后的净利润盈利:66,200万元至74,300万元,同比上年增长:145%至175%,同比上年增长39,195万元至47,295万元。",702500000.0,160.0,"报告期内,公司实现归属于上市公司股东的扣除非经常性损益的净利润较去年同期增长约145%到175%,主要系:1、原料药业务紧抓市场机遇,通过纵深拓展全球销售渠道、持续拓宽客户群体、加快新产品上量进程,有效带动原料药业务销售收入同比大幅增长;2、国内制剂业务紧抓前八批集采接续政策窗口期,在稳固原有中标产品市场份额的基础上,新增12个集采中选产品,实现存量维稳、增量扩容双向突破。同时新产品增长势能强劲已成为国内制剂业绩增长新的驱动力;3、美国制剂业务坚持提量增利经营方针,深耕细作,精细化运营,经营业绩与发展质量均取得显著成效,同比实现扭亏为盈;4、缬沙坦欧洲仲裁胜诉收到的山德士支付给公司的律师费、仲裁费及美国关税退回等影响利润增加;5、报告期内,为充分释放各研发平台的专业潜能和自主创新能力,公司在研发结构优化中持续聚焦优势研发产品,加速推进研发进度靠前的创新药产品和高端复杂仿制药、原料药产品研发进程,实现研发效率快速提升的同时相应研发费用同比减少,影响利润增加。报告期内,公司实现归属于上市公司股东的净利润较去年同期增长约170%到190%,除上述因素影响外,本期处置子公司华海天衡(上海)药物研究股份有限公司67%股权产生的收益等亦影响利润增加。报告期内,因美元汇率波动,公司汇兑损失约1.3亿元。",预增,270050900.0,2026-10-08
3,301660,粤芯半导体,归属于上市公司股东的净利润,"预计2026年1-9月归属于上市公司股东的净利润亏损:149,000万元至159,000万元,同比上年增长:5.7%至11.63%。",-1540000000.0,8.665,"主要原因是AI及下游终端需求拉动,叠加公司产能不断释放,规模效应进一步显现所致。",减亏,-1686066400.0,2026-10-08
4,301660,粤芯半导体,营业收入,"预计2026年1-9月营业收入:287,000万元至297,000万元,同比上年增长:61.27%至66.89%。",2920000000.0,64.08,"主要原因是AI及下游终端需求拉动,叠加公司产能不断释放,规模效应进一步显现所致。",预增,1779571100.0,2026-10-08
5,301660,粤芯半导体,扣除非经常性损益后的净利润,"预计2026年1-9月扣除非经常性损益后的净利润亏损:170,000万元至180,000万元,同比上年增长:9.9%至14.9%。",-1750000000.0,12.4,"主要原因是AI及下游终端需求拉动,叠加公司产能不断释放,规模效应进一步显现所致。",减亏,-1997339000.0,2026-10-08
6,002536,飞龙股份,每股收益,预计2026年1-9月每股收益盈利:0.17元至0.2元。,0.185,,"报告期内,公司归属于上市公司股东的净利润同比出现阶段性波动,主要系行业竞争加剧、原材料涨价、汇率波动及新业务尚处于培育期等多重阶段性因素叠加所致。公司主营业务基本面稳健,应对举措有序落地,新赛道布局持续深化,长期成长逻辑不变。具体说明如下:(一)本期业绩短期承压的主要原因1、报告期内汽车行业竞争持续加剧,公司产品售价承压,盈利空间有所收窄,该因素对利润影响金额超10,000万元。2、报告期内,受大宗商品价格上涨影响,公司主要原材料采购成本同比增加,对利润影响超3,900万元。3、公司持续拓展海外市场,出口结算币种以外币为主。报告期内汇率出现较大幅度波动,由此形成汇兑损失,对当期利润造成影响近6,600万元。4、报告期内,公司持续推进非车领域业务拓展。从今年第三季度开始,个别客户部分项目实现批量订单落地,但订单生产转化过程需要一定时间。现阶段非车领域业务收入占整体营收比例较低,敬请广大投资者注意投资风险。(二)公司针对性应对措施面对外部压力,公司主动施策、积极应对:1、持续推进内部降本增效与产品结构优化,稳固汽车端基本盘。2、密切跟踪大宗商品走势,依托集中采购、招标采购、战略备货等多措并举严控生产成本,同时推进商品期货套期保值相关业务,降低原材料价格波动风险。3、持续开拓多区域海外客户,搭建多币种外汇收入结构,筹备运用外汇套期保值工具对冲汇率风险,缓释汇兑波动影响。公司依托多年热管理核心技术与先发优势,在稳固汽车端主业的同时,重点布局非车领域新兴热管理赛道。通过持续拓展多场景应用、完善产品矩阵,加速非车业务规模化落地,逐步构建多元化增长体系。短期业绩波动为阶段性外部因素和战略转型期正常现象,随着各项风险控制及降本增效措施落地、新业务持续放量,公司成长韧性将稳步提升。",预减,0.5,2026-10-08
7,002536,飞龙股份,扣除非经常性损益后的净利润,"预计2026年1-9月扣除非经常性损益后的净利润盈利:9,160万元至11,360万元,同比上年下降:62.61%至69.85%。",102600000.0,-66.23,"报告期内,公司归属于上市公司股东的净利润同比出现阶段性波动,主要系行业竞争加剧、原材料涨价、汇率波动及新业务尚处于培育期等多重阶段性因素叠加所致。公司主营业务基本面稳健,应对举措有序落地,新赛道布局持续深化,长期成长逻辑不变。具体说明如下:(一)本期业绩短期承压的主要原因1、报告期内汽车行业竞争持续加剧,公司产品售价承压,盈利空间有所收窄,该因素对利润影响金额超10,000万元。2、报告期内,受大宗商品价格上涨影响,公司主要原材料采购成本同比增加,对利润影响超3,900万元。3、公司持续拓展海外市场,出口结算币种以外币为主。报告期内汇率出现较大幅度波动,由此形成汇兑损失,对当期利润造成影响近6,600万元。4、报告期内,公司持续推进非车领域业务拓展。从今年第三季度开始,个别客户部分项目实现批量订单落地,但订单生产转化过程需要一定时间。现阶段非车领域业务收入占整体营收比例较低,敬请广大投资者注意投资风险。(二)公司针对性应对措施面对外部压力,公司主动施策、积极应对:1、持续推进内部降本增效与产品结构优化,稳固汽车端基本盘。2、密切跟踪大宗商品走势,依托集中采购、招标采购、战略备货等多措并举严控生产成本,同时推进商品期货套期保值相关业务,降低原材料价格波动风险。3、持续开拓多区域海外客户,搭建多币种外汇收入结构,筹备运用外汇套期保值工具对冲汇率风险,缓释汇兑波动影响。公司依托多年热管理核心技术与先发优势,在稳固汽车端主业的同时,重点布局非车领域新兴热管理赛道。通过持续拓展多场景应用、完善产品矩阵,加速非车业务规模化落地,逐步构建多元化增长体系。短期业绩波动为阶段性外部因素和战略转型期正常现象,随着各项风险控制及降本增效措施落地、新业务持续放量,公司成长韧性将稳步提升。",预减,303793000.0,2026-10-08
8,002536,飞龙股份,归属于上市公司股东的净利润,"预计2026年1-9月归属于上市公司股东的净利润盈利:9,500万元至11,700万元,同比上年下降:59.2%至66.87%。",106000000.0,-63.035,"报告期内,公司归属于上市公司股东的净利润同比出现阶段性波动,主要系行业竞争加剧、原材料涨价、汇率波动及新业务尚处于培育期等多重阶段性因素叠加所致。公司主营业务基本面稳健,应对举措有序落地,新赛道布局持续深化,长期成长逻辑不变。具体说明如下:(一)本期业绩短期承压的主要原因1、报告期内汽车行业竞争持续加剧,公司产品售价承压,盈利空间有所收窄,该因素对利润影响金额超10,000万元。2、报告期内,受大宗商品价格上涨影响,公司主要原材料采购成本同比增加,对利润影响超3,900万元。3、公司持续拓展海外市场,出口结算币种以外币为主。报告期内汇率出现较大幅度波动,由此形成汇兑损失,对当期利润造成影响近6,600万元。4、报告期内,公司持续推进非车领域业务拓展。从今年第三季度开始,个别客户部分项目实现批量订单落地,但订单生产转化过程需要一定时间。现阶段非车领域业务收入占整体营收比例较低,敬请广大投资者注意投资风险。(二)公司针对性应对措施面对外部压力,公司主动施策、积极应对:1、持续推进内部降本增效与产品结构优化,稳固汽车端基本盘。2、密切跟踪大宗商品走势,依托集中采购、招标采购、战略备货等多措并举严控生产成本,同时推进商品期货套期保值相关业务,降低原材料价格波动风险。3、持续开拓多区域海外客户,搭建多币种外汇收入结构,筹备运用外汇套期保值工具对冲汇率风险,缓释汇兑波动影响。公司依托多年热管理核心技术与先发优势,在稳固汽车端主业的同时,重点布局非车领域新兴热管理赛道。通过持续拓展多场景应用、完善产品矩阵,加速非车业务规模化落地,逐步构建多元化增长体系。短期业绩波动为阶段性外部因素和战略转型期正常现象,随着各项风险控制及降本增效措施落地、新业务持续放量,公司成长韧性将稳步提升。",预减,286739500.0,2026-10-08
9,001381,皇冠新材,净利润,"预计2026年1-9月净利润盈利:22,481万元至24,429.92万元,同比上年下降:0%至7.98%。",234554600.0,-3.99,"2026年1-9月,发行人营业收入保持良好增长态势,预计较去年同期增长9.12%至10.73%,因2026年2月底以来国际地缘政治冲突加剧,受上游原材料价格波动,浙江生产基地产能爬坡折旧增加等因素影响,导致公司利润水平受到不利影响,扣非后归母净利润预计较去年同期变动率在-7.58%至0.53%。",略减,244299200.0,2026-09-30
10,001381,皇冠新材,营业收入,"预计2026年1-9月营业收入:271,400.9万元至275,400.9万元,同比上年增长:9.12%至10.73%。",2734009000.0,9.925,"2026年1-9月,发行人营业收入保持良好增长态势,预计较去年同期增长9.12%至10.73%,因2026年2月底以来国际地缘政治冲突加剧,受上游原材料价格波动,浙江生产基地产能爬坡折旧增加等因素影响,导致公司利润水平受到不利影响,扣非后归母净利润预计较去年同期变动率在-7.58%至0.53%。",略增,2487096800.0,2026-09-30
11,001381,皇冠新材,扣除非经常性损益后的净利润,"预计2026年1-9月扣除非经常性损益后的净利润盈利:22,216.39万元至24,165.31万元,同比上年变动:-7.58%至0.53%。",231908500.0,-3.525,"2026年1-9月,发行人营业收入保持良好增长态势,预计较去年同期增长9.12%至10.73%,因2026年2月底以来国际地缘政治冲突加剧,受上游原材料价格波动,浙江生产基地产能爬坡折旧增加等因素影响,导致公司利润水平受到不利影响,扣非后归母净利润预计较去年同期变动率在-7.58%至0.53%。",续盈,240373600.0,2026-09-30
12,001381,皇冠新材,归属于上市公司股东的净利润,"预计2026年1-9月归属于上市公司股东的净利润盈利:22,481万元至24,429.92万元,同比上年下降:0%至7.98%。",234554600.0,-3.99,"2026年1-9月,发行人营业收入保持良好增长态势,预计较去年同期增长9.12%至10.73%,因2026年2月底以来国际地缘政治冲突加剧,受上游原材料价格波动,浙江生产基地产能爬坡折旧增加等因素影响,导致公司利润水平受到不利影响,扣非后归母净利润预计较去年同期变动率在-7.58%至0.53%。",略减,244299200.0,2026-09-30
13,688469,芯联集成,归属于上市公司股东的净利润,"预计2026年1-9月归属于上市公司股东的净利润盈利约:68,100万元,同比上年增长:247.08%左右,同比上年增长114,400万元左右。",681000000.0,247.08,"报告期内,受全球半导体产业的技术迭代、需求升级与场景渗透的多重驱动,以及AI等新兴应用领域持续拓展,公司积极拓展市场、持续深化客户合作,充分把握国产替代带来的机遇,推动业务规模持续扩张。在收入端,随着系统技术平台的不断深入,公司进一步加强与客户的深度和全方位合作,保持高水位产能利用率,产品结构不断优化,有力推动公司收入实现快速增长;在盈利端,销售放量所释放的规模效应、成本管控的扎实推进、工厂运营效率的持续优化,叠加产品结构升级与附加值提升,共同构筑了公司产品盈利能力的坚实支撑。同时,公司技术授权业务的稳步推进,亦将对归母净利润产生有利影响。",扭亏,-463000000.0,2026-09-29
14,688469,芯联集成,营业收入,"预计2026年1-9月营业收入约:776,600万元,同比上年增长:43.23%左右,同比上年增长234,400万元左右。",7766000000.0,43.23,"报告期内,受全球半导体产业的技术迭代、需求升级与场景渗透的多重驱动,以及AI等新兴应用领域持续拓展,公司积极拓展市场、持续深化客户合作,充分把握国产替代带来的机遇,推动业务规模持续扩张。在收入端,随着系统技术平台的不断深入,公司进一步加强与客户的深度和全方位合作,保持高水位产能利用率,产品结构不断优化,有力推动公司收入实现快速增长;在盈利端,销售放量所释放的规模效应、成本管控的扎实推进、工厂运营效率的持续优化,叠加产品结构升级与附加值提升,共同构筑了公司产品盈利能力的坚实支撑。同时,公司技术授权业务的稳步推进,亦将对归母净利润产生有利影响。",略增,5422000000.0,2026-09-29
15,001246,力勤资源,净利润,"预计2026年1-9月净利润盈利:510,000万元至530,000万元,同比上年增长:50.98%至56.9%。",5200000000.0,53.94,"2026年1-9月,受益于镍价回升、新建冶炼产能逐步释放,叠加下游市场需求持续扩张,发行人经营业绩预计维持良好态势,其中,营业收入预计较去年同期增长27.93%至41.40%,扣非后归母净利润预计较去年同期增长54.75%至59.72%,收入及利润呈现显著增长趋势。",预增,3377859300.0,2026-09-24
16,001246,力勤资源,营业收入,"预计2026年1-9月营业收入:3,800,000万元至4,200,000万元,同比上年增长:27.93%至41.4%。",40000000000.0,34.665,"2026年1-9月,受益于镍价回升、新建冶炼产能逐步释放,叠加下游市场需求持续扩张,发行人经营业绩预计维持良好态势,其中,营业收入预计较去年同期增长27.93%至41.40%,扣非后归母净利润预计较去年同期增长54.75%至59.72%,收入及利润呈现显著增长趋势。",略增,29703774000.0,2026-09-24
17,001246,力勤资源,扣除非经常性损益后的净利润,"预计2026年1-9月扣除非经常性损益后的净利润盈利:311,000万元至321,000万元,同比上年增长:54.75%至59.72%。",3160000000.0,57.235,"2026年1-9月,受益于镍价回升、新建冶炼产能逐步释放,叠加下游市场需求持续扩张,发行人经营业绩预计维持良好态势,其中,营业收入预计较去年同期增长27.93%至41.40%,扣非后归母净利润预计较去年同期增长54.75%至59.72%,收入及利润呈现显著增长趋势。",预增,2009749600.0,2026-09-24
18,001246,力勤资源,归属于上市公司股东的净利润,"预计2026年1-9月归属于上市公司股东的净利润盈利:315,000万元至325,000万元,同比上年增长:54%至58.89%。",3200000000.0,56.445,"2026年1-9月,受益于镍价回升、新建冶炼产能逐步释放,叠加下游市场需求持续扩张,发行人经营业绩预计维持良好态势,其中,营业收入预计较去年同期增长27.93%至41.40%,扣非后归母净利润预计较去年同期增长54.75%至59.72%,收入及利润呈现显著增长趋势。",预增,2045487300.0,2026-09-24
19,920196,南方乳业,归属于上市公司股东的净利润,"预计2026年1-9月归属于上市公司股东的净利润盈利:15,967.69万元至16,967.69万元,同比上年下降:3.66%至9.34%。",164676900.0,-6.5,"公司2026年1-9月的净利润预计相比去年同期有所下滑,主要原因包括:(1)2026年以来,国内乳制品终端市场价格竞争有所加剧,公司为了巩固省内市场份额,同时加大对线上电商及省外市场业务的拓展力度,对本期销售政策与促销宣传费的投入均有所增加,进而导致本期利润略有下滑;(2)随着养殖行业周期的深度调整,国内奶牛存栏量持续下降,生鲜乳产能持续出清,公司2026年的外购生鲜乳价格已有小幅回升,进而导致生产成本同比有所增加;(3)2026年公司持续加强研发投入力度,导致本期研发费用相比去年同期有所增加。",略减,176129200.0,2026-09-23
20,920196,南方乳业,营业收入,"预计2026年1-9月营业收入:136,008.03万元至137,208.03万元,同比上年增长:2.71%至3.62%。",1366080300.0,3.165,"公司2026年1-9月的净利润预计相比去年同期有所下滑,主要原因包括:(1)2026年以来,国内乳制品终端市场价格竞争有所加剧,公司为了巩固省内市场份额,同时加大对线上电商及省外市场业务的拓展力度,对本期销售政策与促销宣传费的投入均有所增加,进而导致本期利润略有下滑;(2)随着养殖行业周期的深度调整,国内奶牛存栏量持续下降,生鲜乳产能持续出清,公司2026年的外购生鲜乳价格已有小幅回升,进而导致生产成本同比有所增加;(3)2026年公司持续加强研发投入力度,导致本期研发费用相比去年同期有所增加。",略增,1324139500.0,2026-09-23
21,920196,南方乳业,扣除非经常性损益后的净利润,"预计2026年1-9月扣除非经常性损益后的净利润盈利:15,532.38万元至16,732.38万元,同比上年下降:4.86%至11.68%。",161323800.0,-8.27,"公司2026年1-9月的净利润预计相比去年同期有所下滑,主要原因包括:(1)2026年以来,国内乳制品终端市场价格竞争有所加剧,公司为了巩固省内市场份额,同时加大对线上电商及省外市场业务的拓展力度,对本期销售政策与促销宣传费的投入均有所增加,进而导致本期利润略有下滑;(2)随着养殖行业周期的深度调整,国内奶牛存栏量持续下降,生鲜乳产能持续出清,公司2026年的外购生鲜乳价格已有小幅回升,进而导致生产成本同比有所增加;(3)2026年公司持续加强研发投入力度,导致本期研发费用相比去年同期有所增加。",略减,175871400.0,2026-09-23
22,301718,通则康威,归属于上市公司股东的净利润,"预计2026年1-9月归属于上市公司股东的净利润盈利:11,010万元至12,190万元,同比上年增长:169.51%至198.4%。",116000000.0,183.955,,预增,40851600.0,2026-09-23
23,301718,通则康威,营业收入,"预计2026年1-9月营业收入:161,350万元至165,550万元,同比上年增长:51.66%至55.61%。",1634500000.0,53.635,,预增,1063897100.0,2026-09-23
24,301718,通则康威,扣除非经常性损益后的净利润,"预计2026年1-9月扣除非经常性损益后的净利润盈利:10,860万元至12,030万元,同比上年增长:214.52%至248.4%。",114450000.0,231.46,,预增,34529300.0,2026-09-23
25,301716,鸿富诚,归属于上市公司股东的净利润,"预计2026年1-9月归属于上市公司股东的净利润盈利:24,500万元至26,800万元,同比上年增长:28.67%至40.74%。",256500000.0,34.705,"发行人预计2026年1-9月业绩持续增长,主要系2026年下游人工智能产业持续维持较高景气度,发行人在手订单较为充足,核心产品销售情况良好。",略增,190416600.0,2026-09-22
26,301716,鸿富诚,营业收入,"预计2026年1-9月营业收入:64,000万元至68,000万元,同比上年增长:31.13%至39.33%。",660000000.0,35.23,"发行人预计2026年1-9月业绩持续增长,主要系2026年下游人工智能产业持续维持较高景气度,发行人在手订单较为充足,核心产品销售情况良好。",略增,488057300.0,2026-09-22
27,301716,鸿富诚,扣除非经常性损益后的净利润,"预计2026年1-9月扣除非经常性损益后的净利润盈利:24,300万元至26,500万元,同比上年增长:30.68%至42.51%。",254000000.0,36.595,"发行人预计2026年1-9月业绩持续增长,主要系2026年下游人工智能产业持续维持较高景气度,发行人在手订单较为充足,核心产品销售情况良好。",略增,185947500.0,2026-09-22
28,920162,莫森泰克,归属于上市公司股东的净利润,"预计2026年1-9月归属于上市公司股东的净利润盈利:15,400万元至16,350万元,同比上年下降:6.53%至11.96%。",158750000.0,-9.245,,略减,174918600.0,2026-09-21
29,920162,莫森泰克,营业收入,"预计2026年1-9月营业收入:132,200万元至139,000万元,同比上年变动:-4.87%至0.02%。",1356000000.0,-2.425,,续盈,1389721300.0,2026-09-21
30,920162,莫森泰克,扣除非经常性损益后的净利润,"预计2026年1-9月扣除非经常性损益后的净利润盈利:15,000万元至16,000万元,同比上年下降:3.57%至9.6%。",155000000.0,-6.585,,略减,165931100.0,2026-09-21
31,300497,富祥股份,归属于上市公司股东的净利润,"预计2026年1-9月归属于上市公司股东的净利润盈利:35,000万元至43,000万元,同比上年增长:658%至785%。",390000000.0,721.5,2026年前三季度公司新能源锂电池电解液添加剂产品销售量价齐增，推动公司业绩大幅增长且扭亏为盈。新能源业务已成为公司业绩增长的核心引擎。此外，公司医药制造业务稳健发展，持续推进市场拓展及降本增效工作，重点攻关关键中间体跨领域应用，多个主导产品全球市占率连续多年位于第一梯队。生物制造微生物蛋白业务商业化进程提速，打开长期成长空间。公司核心产品未冉®蛋白作为新食品原料已于2025年11月通过国家卫健委审批，成为我国首个获批的丝状真菌蛋白。截至目前，未冉®蛋白已可准入包括欧美发达国家及中国在内的全球近三十个国家，标志着产品安全性及合规性获得国内外权威认可，为未冉®蛋白产品通行于全球更广泛的消费市场奠定了坚实的合规基础。报告期内，公司B端、C端业务布局同步提速，一方面加快年产2万吨未冉®蛋白项目建设，预计今年年底建成，为后续规模化供应奠定基础；另一方面，公司已开发出近30款自主品牌及联营品牌产品，如肽爽气泡水、肽润草本水、椰肽水、蛋白汉堡、蛋白魔芋面、蛋白米、蛋白肠等，并加速市场推广。其中通过斯洛文尼亚子公司迈壹国际开发生产的牛肉口味和鸡肉口味蛋白汉堡，已成功进入欧洲主流商超如SPAR等渠道进行销售。该业务凭借近三十个国家市场准入、清晰的产品矩阵和逐步落地的海内外渠道，有望成为公司中长期新的业绩增长极。,扭亏,-62751500.0,2026-09-18
32,300497,富祥股份,扣除非经常性损益后的净利润,"预计2026年1-9月扣除非经常性损益后的净利润盈利:32,000万元至40,000万元。",360000000.0,504.525,2026年前三季度公司新能源锂电池电解液添加剂产品销售量价齐增，推动公司业绩大幅增长且扭亏为盈。新能源业务已成为公司业绩增长的核心引擎。此外，公司医药制造业务稳健发展，持续推进市场拓展及降本增效工作，重点攻关关键中间体跨领域应用，多个主导产品全球市占率连续多年位于第一梯队。生物制造微生物蛋白业务商业化进程提速，打开长期成长空间。公司核心产品未冉®蛋白作为新食品原料已于2025年11月通过国家卫健委审批，成为我国首个获批的丝状真菌蛋白。截至目前，未冉®蛋白已可准入包括欧美发达国家及中国在内的全球近三十个国家，标志着产品安全性及合规性获得国内外权威认可，为未冉®蛋白产品通行于全球更广泛的消费市场奠定了坚实的合规基础。报告期内，公司B端、C端业务布局同步提速，一方面加快年产2万吨未冉®蛋白项目建设，预计今年年底建成，为后续规模化供应奠定基础；另一方面，公司已开发出近30款自主品牌及联营品牌产品，如肽爽气泡水、肽润草本水、椰肽水、蛋白汉堡、蛋白魔芋面、蛋白米、蛋白肠等，并加速市场推广。其中通过斯洛文尼亚子公司迈壹国际开发生产的牛肉口味和鸡肉口味蛋白汉堡，已成功进入欧洲主流商超如SPAR等渠道进行销售。该业务凭借近三十个国家市场准入、清晰的产品矩阵和逐步落地的海内外渠道，有望成为公司中长期新的业绩增长极。,扭亏,-88993600.0,2026-09-18
33,920157,宇特光电,归属于上市公司股东的净利润,"预计2026年1-9月归属于上市公司股东的净利润盈利:5,900万元至6,500万元,同比上年增长:3.39%至13.9%。",62000000.0,8.645,,略增,57067300.0,2026-09-17
34,920157,宇特光电,营业收入,"预计2026年1-9月营业收入:28,000万元至33,000万元,同比上年增长:4.92%至23.65%。",305000000.0,14.285,,略增,266879300.0,2026-09-17
35,301569,联亚药业,归属于上市公司股东的净利润,"预计2026年1-9月归属于上市公司股东的净利润盈利:19,351.28万元至21,388.26万元,同比上年增长:35.31%至49.56%。",203697700.0,42.435,"公司预计业绩的增长主要得益于发行人结合雌激素缓释片持续贡献收入增量,且该产品的下游市场销售状况维持较好态势,导致2026年1-9月期间带来较大规模收益分成收入,带动毛利率和盈利能力的不断提升,不存在影响发行上市的重大事项上述2026年1-9月经营业绩系公司根据市场环境及发行人实际经营情况进行的初步测算,未经会计师审计或审阅,不构成公司的盈利预测或业绩承诺。",略增,143011700.0,2026-09-17
36,301569,联亚药业,营业收入,"预计2026年1-9月营业收入:69,597.77万元至76,923.85万元,同比上年增长:10.01%至21.59%。",732608100.0,15.8,"公司预计业绩的增长主要得益于发行人结合雌激素缓释片持续贡献收入增量,且该产品的下游市场销售状况维持较好态势,导致2026年1-9月期间带来较大规模收益分成收入,带动毛利率和盈利能力的不断提升,不存在影响发行上市的重大事项上述2026年1-9月经营业绩系公司根据市场环境及发行人实际经营情况进行的初步测算,未经会计师审计或审阅,不构成公司的盈利预测或业绩承诺。",略增,632635700.0,2026-09-17
37,301569,联亚药业,扣除非经常性损益后的净利润,"预计2026年1-9月扣除非经常性损益后的净利润盈利:19,192.2万元至21,212.43万元,同比上年增长:37.69%至52.18%。",202023150.0,44.935,"公司预计业绩的增长主要得益于发行人结合雌激素缓释片持续贡献收入增量,且该产品的下游市场销售状况维持较好态势,导致2026年1-9月期间带来较大规模收益分成收入,带动毛利率和盈利能力的不断提升,不存在影响发行上市的重大事项上述2026年1-9月经营业绩系公司根据市场环境及发行人实际经营情况进行的初步测算,未经会计师审计或审阅,不构成公司的盈利预测或业绩承诺。",预增,139390300.0,2026-09-17
38,601091,沈鼓集团,归属于上市公司股东的净利润,"预计2026年1-9月归属于上市公司股东的净利润盈利:45,600万元至55,000万元,同比上年下降:8.13%至23.83%。",503000000.0,-15.98,"2026年1-9月,公司预计实现营业收入730,000万元至770,000万元,较2025年同期变动-3.98%至1.28%,公司整体营业收入稳定。2026年1-9月,预计实现归属于母公司所有者净利润45,600万元至55,000万元,较上年同期变动-23.83%至-8.13%;扣除非经常性损益后归属于母公司所有者净利润40,000万元至50,000万元,较上年同期变动-18.95%至1.31%,主要系2025年前三季度重大建设项目中部分项目及出口项目毛利率相对较高,而2026年重大建设项目仍预计第四季度验收占比较高,以及部分出口重大项目受地缘政治影响交期延后,同时汇率下降导致汇兑损失以及利息收入减少致使财务费用增加所致。",略减,598700000.0,2026-09-16
39,601091,沈鼓集团,营业收入,"预计2026年1-9月营业收入:730,000万元至770,000万元,同比上年变动:-3.98%至1.28%。",7500000000.0,-1.35,"2026年1-9月,公司预计实现营业收入730,000万元至770,000万元,较2025年同期变动-3.98%至1.28%,公司整体营业收入稳定。2026年1-9月,预计实现归属于母公司所有者净利润45,600万元至55,000万元,较上年同期变动-23.83%至-8.13%;扣除非经常性损益后归属于母公司所有者净利润40,000万元至50,000万元,较上年同期变动-18.95%至1.31%,主要系2025年前三季度重大建设项目中部分项目及出口项目毛利率相对较高,而2026年重大建设项目仍预计第四季度验收占比较高,以及部分出口重大项目受地缘政治影响交期延后,同时汇率下降导致汇兑损失以及利息收入减少致使财务费用增加所致。",续盈,7602770000.0,2026-09-16
40,601091,沈鼓集团,扣除非经常性损益后的净利润,"预计2026年1-9月扣除非经常性损益后的净利润盈利:40,000万元至50,000万元,同比上年变动:-18.95%至1.31%。",450000000.0,-8.82,"2026年1-9月,公司预计实现营业收入730,000万元至770,000万元,较2025年同期变动-3.98%至1.28%,公司整体营业收入稳定。2026年1-9月,预计实现归属于母公司所有者净利润45,600万元至55,000万元,较上年同期变动-23.83%至-8.13%;扣除非经常性损益后归属于母公司所有者净利润40,000万元至50,000万元,较上年同期变动-18.95%至1.31%,主要系2025年前三季度重大建设项目中部分项目及出口项目毛利率相对较高,而2026年重大建设项目仍预计第四季度验收占比较高,以及部分出口重大项目受地缘政治影响交期延后,同时汇率下降导致汇兑损失以及利息收入减少致使财务费用增加所致。",续盈,493520000.0,2026-09-16
41,301686,中塑股份,归属于上市公司股东的净利润,"预计2026年1-9月归属于上市公司股东的净利润盈利:9,921.29万元至10,883.58万元,同比上年增长:5.07%至15.26%。",104024350.0,10.165,,略增,94427900.0,2026-09-16
42,301686,中塑股份,营业收入,"预计2026年1-9月营业收入:76,658.34万元至80,658.34万元,同比上年增长:40.27%至47.59%。",786583400.0,43.93,,略增,546497000.0,2026-09-16
43,301686,中塑股份,扣除非经常性损益后的净利润,"预计2026年1-9月扣除非经常性损益后的净利润盈利:9,722.8万元至10,592.22万元,同比上年增长:6.96%至16.53%。",101575100.0,11.745,,略增,90897000.0,2026-09-16
44,688837,信诺维,净利润,"预计2026年1-9月净利润亏损:34,900万元至38,600万元,同比上年下降:197%至207.28%。",-367500000.0,-202.14,"2026年1-9月,公司预计实现营业收入22,200.00万元至24,600.00万元;预计净利润及归属于母公司所有者净利润-34,900.00万元至-38,600.00万元,预计实现扣除非经常性损益后归属于母公司所有者的净利润-40,900.00万元至-45,200.00万元。公司预计营业收入及利润同比下降,主要因公司尚无药品获批上市销售,当前阶段营业收入以BD交易收款为主,2025年1-9月公司收到了安斯泰来支付的BD交易首付款1.3亿美元并进行收入确认,2026年1-9月公司的BD交易收入来自安斯泰来、云顶新耀支付的里程碑款项,而BD交易首付款一般高于单笔里程碑款项。发行人尚无药品获批上市销售同时需要保持较高的研发投入,因此尚未实现持续盈利。基于持续研发投入,公司的注射用亚胺西福已提交新药上市申请,国际化BD交易顺利推进,公司较高的研发投入及经营亏损不会对公司持续经营能力构成重大不利影响。",首亏,359795100.0,2026-09-15
45,688837,信诺维,营业收入,"预计2026年1-9月营业收入:22,200万元至24,600万元,同比上年下降:73.65%至76.22%。",234000000.0,-74.935,"2026年1-9月,公司预计实现营业收入22,200.00万元至24,600.00万元;预计净利润及归属于母公司所有者净利润-34,900.00万元至-38,600.00万元,预计实现扣除非经常性损益后归属于母公司所有者的净利润-40,900.00万元至-45,200.00万元。公司预计营业收入及利润同比下降,主要因公司尚无药品获批上市销售,当前阶段营业收入以BD交易收款为主,2025年1-9月公司收到了安斯泰来支付的BD交易首付款1.3亿美元并进行收入确认,2026年1-9月公司的BD交易收入来自安斯泰来、云顶新耀支付的里程碑款项,而BD交易首付款一般高于单笔里程碑款项。发行人尚无药品获批上市销售同时需要保持较高的研发投入,因此尚未实现持续盈利。基于持续研发投入,公司的注射用亚胺西福已提交新药上市申请,国际化BD交易顺利推进,公司较高的研发投入及经营亏损不会对公司持续经营能力构成重大不利影响。",预减,933437700.0,2026-09-15
46,688837,信诺维,扣除非经常性损益后的净利润,"预计2026年1-9月扣除非经常性损益后的净利润亏损:40,900万元至45,200万元,同比上年下降:190.34%至199.84%。",-430500000.0,-195.09,"2026年1-9月,公司预计实现营业收入22,200.00万元至24,600.00万元;预计净利润及归属于母公司所有者净利润-34,900.00万元至-38,600.00万元,预计实现扣除非经常性损益后归属于母公司所有者的净利润-40,900.00万元至-45,200.00万元。公司预计营业收入及利润同比下降,主要因公司尚无药品获批上市销售,当前阶段营业收入以BD交易收款为主,2025年1-9月公司收到了安斯泰来支付的BD交易首付款1.3亿美元并进行收入确认,2026年1-9月公司的BD交易收入来自安斯泰来、云顶新耀支付的里程碑款项,而BD交易首付款一般高于单笔里程碑款项。发行人尚无药品获批上市销售同时需要保持较高的研发投入,因此尚未实现持续盈利。基于持续研发投入,公司的注射用亚胺西福已提交新药上市申请,国际化BD交易顺利推进,公司较高的研发投入及经营亏损不会对公司持续经营能力构成重大不利影响。",首亏,452726100.0,2026-09-15
47,688837,信诺维,归属于上市公司股东的净利润,"预计2026年1-9月归属于上市公司股东的净利润亏损:34,900万元至38,600万元,同比上年下降:197%至207.28%。",-367500000.0,-202.14,"2026年1-9月,公司预计实现营业收入22,200.00万元至24,600.00万元;预计净利润及归属于母公司所有者净利润-34,900.00万元至-38,600.00万元,预计实现扣除非经常性损益后归属于母公司所有者的净利润-40,900.00万元至-45,200.00万元。公司预计营业收入及利润同比下降,主要因公司尚无药品获批上市销售,当前阶段营业收入以BD交易收款为主,2025年1-9月公司收到了安斯泰来支付的BD交易首付款1.3亿美元并进行收入确认,2026年1-9月公司的BD交易收入来自安斯泰来、云顶新耀支付的里程碑款项,而BD交易首付款一般高于单笔里程碑款项。发行人尚无药品获批上市销售同时需要保持较高的研发投入,因此尚未实现持续盈利。基于持续研发投入,公司的注射用亚胺西福已提交新药上市申请,国际化BD交易顺利推进,公司较高的研发投入及经营亏损不会对公司持续经营能力构成重大不利影响。",首亏,359795100.0,2026-09-15
48,920202,安达股份,归属于上市公司股东的净利润,"预计2026年1-9月归属于上市公司股东的净利润盈利:5,620万元至6,054万元,同比上年变动:-5.23%至2.09%。",58370000.0,-1.57,,续盈,59302500.0,2026-09-14
49,920202,安达股份,营业收入,"预计2026年1-9月营业收入:81,026万元至86,814万元,同比上年增长:8.94%至16.72%。",839200000.0,12.83,,略增,743756100.0,2026-09-14
50,920202,安达股份,扣除非经常性损益后的净利润,"预计2026年1-9月扣除非经常性损益后的净利润盈利:5,169万元至5,603万元,同比上年变动:-4.95%至3.03%。",53860000.0,-0.96,,续盈,54384200.0,2026-09-14
51,688801,燧原科技,净利润,"预计2026年1-9月净利润亏损:70,000万元至86,000万元,同比上年增长:3.13%至21.15%。",-780000000.0,12.14,"基于2026年1-6月已实现业绩,综合考虑已签订在手订单与产品交付节奏等因素,公司预计2026年1-9月营业收入同比将呈大幅增长趋势。由于公司保持研发强度,同时受到预收客户款项产生的税金及附加与预提利息费用的影响,归母净利润同比增长幅度低于预计的同期营业收入同比增速。公司与主要客户合作关系稳定,下游行业发展前景良好,不存在对持续经营能力产生重大不利影响的事项。",减亏,-887756000.0,2026-09-10
52,688801,燧原科技,营业收入,"预计2026年1-9月营业收入:230,000万元至300,000万元,同比上年增长:325.78%至455.36%。",2650000000.0,390.57,"基于2026年1-6月已实现业绩,综合考虑已签订在手订单与产品交付节奏等因素,公司预计2026年1-9月营业收入同比将呈大幅增长趋势。由于公司保持研发强度,同时受到预收客户款项产生的税金及附加与预提利息费用的影响,归母净利润同比增长幅度低于预计的同期营业收入同比增速。公司与主要客户合作关系稳定,下游行业发展前景良好,不存在对持续经营能力产生重大不利影响的事项。",预增,540189000.0,2026-09-10
53,688801,燧原科技,扣除非经常性损益后的净利润,"预计2026年1-9月扣除非经常性损益后的净利润亏损:70,000万元至86,000万元,同比上年增长:5.72%至23.26%。",-780000000.0,14.49,"基于2026年1-6月已实现业绩,综合考虑已签订在手订单与产品交付节奏等因素,公司预计2026年1-9月营业收入同比将呈大幅增长趋势。由于公司保持研发强度,同时受到预收客户款项产生的税金及附加与预提利息费用的影响,归母净利润同比增长幅度低于预计的同期营业收入同比增速。公司与主要客户合作关系稳定,下游行业发展前景良好,不存在对持续经营能力产生重大不利影响的事项。",减亏,-912130600.0,2026-09-10
54,688801,燧原科技,归属于上市公司股东的净利润,"预计2026年1-9月归属于上市公司股东的净利润亏损:70,000万元至86,000万元,同比上年增长:3.13%至21.15%。",-780000000.0,12.14,"基于2026年1-6月已实现业绩,综合考虑已签订在手订单与产品交付节奏等因素,公司预计2026年1-9月营业收入同比将呈大幅增长趋势。由于公司保持研发强度,同时受到预收客户款项产生的税金及附加与预提利息费用的影响,归母净利润同比增长幅度低于预计的同期营业收入同比增速。公司与主要客户合作关系稳定,下游行业发展前景良好,不存在对持续经营能力产生重大不利影响的事项。",减亏,-887756000.0,2026-09-10
55,920229,世纪数码,归属于上市公司股东的净利润,"预计2026年1-9月归属于上市公司股东的净利润盈利:4,500万元至5,300万元,同比上年增长:25.58%至47.91%。",49000000.0,36.745,"公司预计2026年1-9月营业收入为50,000万元至57,000万元,同比上升11.11%至26.67%;预计归属于母公司所有者的净利润为4,500万元至5,300万元,同比上升25.58%至47.91%,预计归属于母公司所有者的扣除非经常性损益后的净利润为4,350万元至5,150万元,同比上升27.02%至50.38%。未来在绿色可持续发展、“碳达峰、碳中和”战略目标的驱动下,以及在“小批量、多批次”订单模式持续深化的推动下,随着全球经济的增长和生活水平的提高,数码喷墨印花机、瓦楞彩箱数码印刷机等数码喷印设备总体需求呈稳定增长趋势,未来业绩将保持良好发展态势。",略增,35833100.0,2026-09-07
56,920229,世纪数码,营业收入,"预计2026年1-9月营业收入:50,000万元至57,000万元,同比上年增长:11.11%至26.67%。",535000000.0,18.89,"公司预计2026年1-9月营业收入为50,000万元至57,000万元,同比上升11.11%至26.67%;预计归属于母公司所有者的净利润为4,500万元至5,300万元,同比上升25.58%至47.91%,预计归属于母公司所有者的扣除非经常性损益后的净利润为4,350万元至5,150万元,同比上升27.02%至50.38%。未来在绿色可持续发展、“碳达峰、碳中和”战略目标的驱动下,以及在“小批量、多批次”订单模式持续深化的推动下,随着全球经济的增长和生活水平的提高,数码喷墨印花机、瓦楞彩箱数码印刷机等数码喷印设备总体需求呈稳定增长趋势,未来业绩将保持良好发展态势。",略增,450005200.0,2026-09-07
57,920229,世纪数码,扣除非经常性损益后的净利润,"预计2026年1-9月扣除非经常性损益后的净利润盈利:4,350万元至5,150万元,同比上年增长:27.02%至50.38%。",47500000.0,38.7,"公司预计2026年1-9月营业收入为50,000万元至57,000万元,同比上升11.11%至26.67%;预计归属于母公司所有者的净利润为4,500万元至5,300万元,同比上升25.58%至47.91%,预计归属于母公司所有者的扣除非经常性损益后的净利润为4,350万元至5,150万元,同比上升27.02%至50.38%。未来在绿色可持续发展、“碳达峰、碳中和”战略目标的驱动下,以及在“小批量、多批次”订单模式持续深化的推动下,随着全球经济的增长和生活水平的提高,数码喷墨印花机、瓦楞彩箱数码印刷机等数码喷印设备总体需求呈稳定增长趋势,未来业绩将保持良好发展态势。",预增,34247700.0,2026-09-07
58,603448,天博智能,净利润,"预计2026年1-9月净利润盈利:22,500万元至25,700万元,同比上年下降:6.84%至18.44%。",241000000.0,-12.64,"2026年1-9月,公司预计营业收入为131,500至152,000万元,主要系国内汽车市场产量下降及主机厂年降影响。2026年1-9月,公司预计净利润以及扣除非经常性损益后归属于母公司股东的净利润等较上年同期呈现小幅下降趋势,主要原因系:(1)2026年上半年人民币升值较大,公司持有的外币资产出现较大的汇兑损失(上年同期系产生汇兑收益),影响2026年1-9月的整体利润水平;(2)因汽车市场产量下降及主机厂年降调整,公司营业收入及毛利率均受到一定的不利影响。",略减,275855900.0,2026-09-04
59,603448,天博智能,营业收入,"预计2026年1-9月营业收入:131,500万元至152,000万元,同比上年变动:-4.97%至9.85%。",1417500000.0,2.44,"2026年1-9月,公司预计营业收入为131,500至152,000万元,主要系国内汽车市场产量下降及主机厂年降影响。2026年1-9月,公司预计净利润以及扣除非经常性损益后归属于母公司股东的净利润等较上年同期呈现小幅下降趋势,主要原因系:(1)2026年上半年人民币升值较大,公司持有的外币资产出现较大的汇兑损失(上年同期系产生汇兑收益),影响2026年1-9月的整体利润水平;(2)因汽车市场产量下降及主机厂年降调整,公司营业收入及毛利率均受到一定的不利影响。",续盈,1383764900.0,2026-09-04
60,603448,天博智能,扣除非经常性损益后的净利润,"预计2026年1-9月扣除非经常性损益后的净利润盈利:21,600万元至24,700万元,同比上年下降:8.42%至19.91%。",231500000.0,-14.165,"2026年1-9月,公司预计营业收入为131,500至152,000万元,主要系国内汽车市场产量下降及主机厂年降影响。2026年1-9月,公司预计净利润以及扣除非经常性损益后归属于母公司股东的净利润等较上年同期呈现小幅下降趋势,主要原因系:(1)2026年上半年人民币升值较大,公司持有的外币资产出现较大的汇兑损失(上年同期系产生汇兑收益),影响2026年1-9月的整体利润水平;(2)因汽车市场产量下降及主机厂年降调整,公司营业收入及毛利率均受到一定的不利影响。",略减,269704800.0,2026-09-04
61,603448,天博智能,归属于上市公司股东的净利润,"预计2026年1-9月归属于上市公司股东的净利润盈利:21,800万元至24,900万元,同比上年下降:6.64%至18.26%。",233500000.0,-12.45,"2026年1-9月,公司预计营业收入为131,500至152,000万元,主要系国内汽车市场产量下降及主机厂年降影响。2026年1-9月,公司预计净利润以及扣除非经常性损益后归属于母公司股东的净利润等较上年同期呈现小幅下降趋势,主要原因系:(1)2026年上半年人民币升值较大,公司持有的外币资产出现较大的汇兑损失(上年同期系产生汇兑收益),影响2026年1-9月的整体利润水平;(2)因汽车市场产量下降及主机厂年降调整,公司营业收入及毛利率均受到一定的不利影响。",略减,266704800.0,2026-09-04
62,920201,百瑞吉,归属于上市公司股东的净利润,"预计2026年1-9月归属于上市公司股东的净利润盈利:5,950万元至6,500万元,同比上年增长:5.29%至15.03%。",62250000.0,10.16,"根据上表,公司预计2026年1-9月实现营业收入约为23,000.00万元至25,000.00万元,归属于母公司所有者的净利润约为5,950.00万元至6,500.00万元,分别较2025年1-9月增长14.98%至24.98%和5.29%至15.03%,公司收入规模持续增长带来净利润持续提升。",略增,56508400.0,2026-09-03
63,920201,百瑞吉,营业收入,"预计2026年1-9月营业收入:23,000万元至25,000万元,同比上年增长:14.98%至24.98%。",240000000.0,19.98,"根据上表,公司预计2026年1-9月实现营业收入约为23,000.00万元至25,000.00万元,归属于母公司所有者的净利润约为5,950.00万元至6,500.00万元,分别较2025年1-9月增长14.98%至24.98%和5.29%至15.03%,公司收入规模持续增长带来净利润持续提升。",略增,200026500.0,2026-09-03
64,920201,百瑞吉,扣除非经常性损益后的净利润,"预计2026年1-9月扣除非经常性损益后的净利润盈利:5,947.29万元至6,497.29万元,同比上年增长:4.56%至14.23%。",62222900.0,9.395,"根据上表,公司预计2026年1-9月实现营业收入约为23,000.00万元至25,000.00万元,归属于母公司所有者的净利润约为5,950.00万元至6,500.00万元,分别较2025年1-9月增长14.98%至24.98%和5.29%至15.03%,公司收入规模持续增长带来净利润持续提升。",略增,56876700.0,2026-09-03
65,301689,电科思仪,净利润,"预计2026年1-9月净利润盈利:24,500万元至26,500万元,同比上年变动:-2.05%至5.95%。",255000000.0,1.95,,续盈,,2026-09-03
66,301689,电科思仪,营业收入,"预计2026年1-9月营业收入:152,000万元至168,000万元,同比上年变动:-5%至5%。",1600000000.0,0.0,,续盈,,2026-09-03
67,301689,电科思仪,扣除非经常性损益后的净利润,"预计2026年1-9月扣除非经常性损益后的净利润盈利:22,500万元至24,500万元,同比上年变动:-2.77%至5.87%。",235000000.0,1.55,,续盈,,2026-09-03
68,301699,洛轴股份,归属于上市公司股东的净利润,"预计2026年1-9月归属于上市公司股东的净利润盈利:45,000万元至47,000万元,同比上年增长:7.47%至12.25%。",460000000.0,9.86,,略增,418720900.0,2026-09-01
69,301699,洛轴股份,营业收入,"预计2026年1-9月营业收入:475,000万元至500,000万元,同比上年增长:5.52%至11.08%。",4875000000.0,8.3,,略增,4501433600.0,2026-09-01
70,301699,洛轴股份,扣除非经常性损益后的净利润,"预计2026年1-9月扣除非经常性损益后的净利润盈利:44,000万元至46,000万元,同比上年增长:6.94%至11.8%。",450000000.0,9.37,,略增,411443800.0,2026-09-01
71,920298,腾信精密,归属于上市公司股东的净利润,"预计2026年1-9月归属于上市公司股东的净利润盈利:16,600万元至18,300万元,同比上年增长:5.39%至16.19%。",174500000.0,10.79,,略增,157510000.0,2026-08-31
72,920298,腾信精密,营业收入,"预计2026年1-9月营业收入:66,800万元至73,900万元,同比上年增长:16.27%至28.63%。",703500000.0,22.45,,略增,574500000.0,2026-08-31
73,920298,腾信精密,扣除非经常性损益后的净利润,"预计2026年1-9月扣除非经常性损益后的净利润盈利:16,400万元至18,100万元,同比上年增长:4.64%至15.49%。",172500000.0,10.065,,略增,156730000.0,2026-08-31
74,601123,马矿股份,归属于上市公司股东的净利润,"预计2026年1-9月归属于上市公司股东的净利润盈利:53,164万元至58,087万元,同比上年增长:8%至18%。",556255000.0,13.0,,略增,492259400.0,2026-08-31
75,601123,马矿股份,营业收入,"预计2026年1-9月营业收入:152,938万元至160,435万元,同比上年增长:2%至7%。",1566865000.0,4.5,,略增,1499390700.0,2026-08-31
76,601123,马矿股份,扣除非经常性损益后的净利润,"预计2026年1-9月扣除非经常性损益后的净利润盈利:53,307万元至58,288万元,同比上年增长:7%至17%。",557975000.0,12.0,,略增,498192100.0,2026-08-31
77,920375,派诺科技,净利润,预计2026年1-9月净利润较去年同期有下降的风险。,,,,不确定,-9208374.81,2026-08-28
78,920175,东方碳素,归属于上市公司股东的净利润,"预计2026年1-9月归属于上市公司股东的净利润亏损:5,000万元至6,000万元。",-55000000.0,12.375,,减亏,-62770054.95,2026-08-28
79,920268,百迈科,归属于上市公司股东的净利润,"预计2026年1-9月归属于上市公司股东的净利润盈利:5,450万元至6,383万元,同比上年增长:0.39%至17.57%。",59165000.0,8.98,"受公司医疗器械板块主要产品封创翎销售稳定以及薇翎Plus、明胶海绵栓塞微球、聚乙烯醇微球栓塞微球等新产品销售放量、制药设备板块在手订单转化收入等因素影响,公司2026年1-9月经营业绩稳定增长。",略增,54290200.0,2026-08-27
80,920268,百迈科,营业收入,"预计2026年1-9月营业收入:18,100万元至19,280万元,同比上年增长:23.35%至31.39%。",186900000.0,27.37,"受公司医疗器械板块主要产品封创翎销售稳定以及薇翎Plus、明胶海绵栓塞微球、聚乙烯醇微球栓塞微球等新产品销售放量、制药设备板块在手订单转化收入等因素影响,公司2026年1-9月经营业绩稳定增长。",略增,146734200.0,2026-08-27
81,920268,百迈科,扣除非经常性损益后的净利润,"预计2026年1-9月扣除非经常性损益后的净利润盈利:4,820万元至5,575万元,同比上年增长:0.07%至15.75%。",51975000.0,7.91,"受公司医疗器械板块主要产品封创翎销售稳定以及薇翎Plus、明胶海绵栓塞微球、聚乙烯醇微球栓塞微球等新产品销售放量、制药设备板块在手订单转化收入等因素影响,公司2026年1-9月经营业绩稳定增长。",略增,48164000.0,2026-08-27
82,920218,新天力,净利润,预计2026年1-9月净利润有进一步下降的风险。,,,"公司报告期内营业收入同比下降4.2%,净利润同比下降55.00%,主要系报告期内,特别是二季度,受美以伊冲突反复、霍尔木兹海峡阶段性封锁影响,国际能源与化工品的供应链体系遭受严重冲击,塑料粒子价格呈现先快速冲高,随后自高位持续震荡行情,原材料成本管控难度显著上升,公司主要原材料(如PP、PS、PET等石化类原料)采购价格同比较大幅度上涨,生产成本上升;同时成本向下游传导存在一定滞后性,导致产品毛利率承压,进而影响净利润水平。",续盈,73451661.22,2026-08-27
83,920130,立方控股,归属于上市公司股东的净利润,预计2026年1-9月经营业绩力争遏制亏损扩大趋势和保持经营整体态势趋于平稳。,,,"2026年1-9月受宏观环境及行业周期影响,市场上普遍存在新建项目数量减少的情况。公司通过强化成本管控、优化项目结算与回款等措施,力争遏制亏损扩大趋势和保持经营整体态势趋于平稳。",续亏,-14221050.34,2026-08-27
84,920781,瑞奇智造,归属于上市公司股东的净利润,预计2026年1-9月归属于上市公司股东的净利润存在持续下行的风险。,,,"鉴于宏观经济环境、行业发展及市场竞争等不确定性因素,以及公司自身经营管理效能有待进一步显现,经综合研判,公司短期内仍面临较大的经营压力,经营业绩存在持续下行的风险。",续亏,-13373939.91,2026-08-26
85,920717,瑞星股份,净利润,预计2026年1-9月净利润可能为亏损。,,,"主要原因系由于下游市场需求疲软,主营业务收入较同期下降,全资子公司瑞星久宇亏损,坏账补提等亏损主因造成。",首亏,3737473.98,2026-08-26
86,920091,大鹏工业,净利润,"预计2026年1-9月净利润亏损:550万元至750万元,同比上年下降:117.2%至123.45%。",-6500000.0,-120.325,"公司装备类业务项目验证、交付、验收周期较长,下游客户投资计划存在变动可能,项目验收进度、市场需求变化、行业竞争均会对最终业绩造成较大影响。",首亏,31983247.53,2026-08-26
87,920091,大鹏工业,营业收入,"预计2026年1-9月营业收入:10,500万元至11,500万元,同比上年下降:36%至42%。",110000000.0,-39.0,"公司装备类业务项目验证、交付、验收周期较长,下游客户投资计划存在变动可能,项目验收进度、市场需求变化、行业竞争均会对最终业绩造成较大影响。",略减,181194607.8,2026-08-26
88,920047,诺思兰德,净利润,预计2026年1-9月净利润仍将持续亏损。,,,"公司1类创新药塞多明基注射液获得国家药监局核准签发的《药品注册证书》,塞多明基注射液完成商业化落地及规模化生产仍需持续投入较大规模资金(用于销售团队建设、市场学术推广、渠道拓展及原材料采购等支出),整体资金投入规模大、投入周期集中。同时,现阶段公司仍推进多条在研管线药物开发,研发支出较大,目前公司收入主要来源于滴眼液销售收入、CMO及CDMO业务收入,公司2026年上半年整体净利润仍为亏损,预计公司2026年1-9月仍将持续亏损。",续亏,-36298832.75,2026-08-26
89,301688,格林生物,归属于上市公司股东的净利润,"预计2026年1-9月归属于上市公司股东的净利润盈利:14,479.11万元至15,984.95万元,同比上年增长:0.97%至11.47%。",152320300.0,6.22,,略增,143398200.0,2026-08-26
90,301688,格林生物,营业收入,"预计2026年1-9月营业收入:89,300万元至95,000万元,同比上年增长:8.8%至15.74%。",921500000.0,12.27,,略增,820809200.0,2026-08-26
91,301688,格林生物,扣除非经常性损益后的净利润,"预计2026年1-9月扣除非经常性损益后的净利润盈利:14,274.57万元至15,780.42万元,同比上年增长:0.47%至11.07%。",150274950.0,5.77,,略增,142082700.0,2026-08-26
92,920925,锦好医疗,净利润,预计2026年1-9月净利润较去年同期由盈利转为亏损。,,,,首亏,16222864.21,2026-08-25
93,920701,豪声电子,净利润,预计2026年1-9月净利润存在亏损的可能性。,,,"2026年1-9月,消费电子市场需求复苏节奏仍存在不确定性,行业竞争压力持续存在;存储芯片等终端原材料价格波动或将继续对生产成本形成压力,下游客户采购节奏偏弱,叠加公司持续推进产品结构优化调整,产能利用率提升尚需过程,规模效应难以快速充分释放。同时,人民币汇率走势存在不确定性,外销业务仍将面临汇兑波动风险;增值税加计抵减等因素也可能持续对盈利水平形成扰动。",首亏,55099996.82,2026-08-25
94,920058,华洋赛车,归属于上市公司股东的净利润,"预计2026年1-9月公司经营业绩呈修复态势,三季度经营情况有望迎来回升。",,,"公司坚守既定发展战略,持续加码核心业务深耕布局,统筹优化资源配置、精进运营管理、拓宽市场渠道,精准抢抓行业发展机遇,整体经营体量稳步扩容。各业务板块发展态势稳定,主业依托技术创新、品质升级与优质服务持续夯实市场根基。海外市场层面,主销市场美国、欧洲等传统优势市场需求旺盛,业绩持续向好;拉美等新兴市场业务稳步拓展,市场潜力逐步释放。由于俄罗斯市场受融资成本及通胀水平仍处于相对高位、可选消费需求承压等市场环境影响,休闲动力运动产品终端销售有所放缓,公司针对特定市场开展重点布局,通过推出新品、对部分老产品实施定向促销政策,最大限度平抑市场波动。随着相关举措持续落地,俄罗斯市场正逐步恢复中。同时企业全方位深化精细化管控:供应链端搭建完善管理体系,推行集中采购、与核心供应商建立长期战略合作以压降原材料采购成本;生产端落地精益生产体系,提效降本削减制造费用;产品与市场端加大高附加值、高毛利新品研发及推广,优化海外渠道政策,资源向欧洲、拉美等高毛利区域倾斜,持续拉高高毛利业务收入占比。上述改善举措存在一定落地见效周期,产品与市场结构优化显现阶段性成果,叠加全流程成本严控,经营效益稳步修复。综上,预计2026年1-9月公司经营业绩呈修复态势,随海外市场需求持续释放、俄罗斯市场持续修复,三季度经营情况有望迎来回升。公司将持续紧盯全球市场变化,动态调整宣传、销售相关经营举措,巩固各区域渠道竞争力,保障业务稳步推进;同时稳步推进峻驰摩托收购整合相关工作,加速打通产业链协同壁垒,充分释放收购项目产业赋能价值,持续推动峻驰摩托与华锐动能、母公司华洋赛车深度协同经营、提质增效,依托多方资源互补、产销联动形成增长合力,共同拉动整体业绩稳步上行,以稳健可持续的经营成果回馈全体股东与社会各界的信任与支持。",续盈,47989151.19,2026-08-25
95,301697,贝特利,归属于上市公司股东的净利润,"预计2026年1-9月归属于上市公司股东的净利润盈利:10,500万元至12,000万元,同比上年增长:31.56%至50.35%。",112500000.0,40.955,"白银、铂金系公司主要的原材料,其价格水平对公司营业收入的影响较大,目前白银、铂金价格较高且价格波动较大,未来价格走势难以预测,因此公司本次业绩预计时,对于以白银、铂金作为主要原材料的银粉、HJT浆料、导电浆料、铂金催化剂产品的单价参考2026年7月份的平均售价进行预测。此外,白银价格的大幅波动对公司无订单备货的白银库存产生较大影响,2025年下半年公司通过白银租赁方式获取部分白银无订单备货库存,这部分白银租赁库存会由于白银价格波动产生公允价值变动收益,本次业绩预计的公允价值变动收益根据截至2026年6月30日白银市场价格进行测算,未考虑后续白银价格波动的影响。",预增,79813000.0,2026-08-25
96,301697,贝特利,营业收入,"预计2026年1-9月营业收入:370,000万元至410,000万元,同比上年增长:50.98%至67.31%。",3900000000.0,59.145,"白银、铂金系公司主要的原材料,其价格水平对公司营业收入的影响较大,目前白银、铂金价格较高且价格波动较大,未来价格走势难以预测,因此公司本次业绩预计时,对于以白银、铂金作为主要原材料的银粉、HJT浆料、导电浆料、铂金催化剂产品的单价参考2026年7月份的平均售价进行预测。此外,白银价格的大幅波动对公司无订单备货的白银库存产生较大影响,2025年下半年公司通过白银租赁方式获取部分白银无订单备货库存,这部分白银租赁库存会由于白银价格波动产生公允价值变动收益,本次业绩预计的公允价值变动收益根据截至2026年6月30日白银市场价格进行测算,未考虑后续白银价格波动的影响。",预增,2450584300.0,2026-08-25
97,301697,贝特利,扣除非经常性损益后的净利润,"预计2026年1-9月扣除非经常性损益后的净利润盈利:9,800万元至11,000万元,同比上年增长:19.36%至33.98%。",104000000.0,26.67,"白银、铂金系公司主要的原材料,其价格水平对公司营业收入的影响较大,目前白银、铂金价格较高且价格波动较大,未来价格走势难以预测,因此公司本次业绩预计时,对于以白银、铂金作为主要原材料的银粉、HJT浆料、导电浆料、铂金催化剂产品的单价参考2026年7月份的平均售价进行预测。此外,白银价格的大幅波动对公司无订单备货的白银库存产生较大影响,2025年下半年公司通过白银租赁方式获取部分白银无订单备货库存,这部分白银租赁库存会由于白银价格波动产生公允价值变动收益,本次业绩预计的公允价值变动收益根据截至2026年6月30日白银市场价格进行测算,未考虑后续白银价格波动的影响。",略增,82102100.0,2026-08-25
98,002475,立讯精密,每股收益,预计2026年1-9月每股收益盈利:1.79元至1.95元。,1.87,,"展望2026年前三季度,公司持续推进既定战略布局,围绕消费电子、通信与数据中心、汽车电子三大核心业务深化客户合作,加快重点项目落地,整体经营保持稳健发展态势,预计实现归属于上市公司股东的净利润同比增长15%-25%。面对汇率波动、原材料价格变化以及新业务持续投入等外部因素,公司充分发挥全球化产能布局、垂直一体化能力以及精密智造平台优势,持续提升运营效率和供应链协同能力,有效增强经营韧性。其中,消费电子业务持续受益于AI终端创新趋势及ODM/JDM能力提升;通信与数据中心业务围绕高速电连接、光连接、热管理、电源管理等核心方向持续推进重点项目落地,伴随AI基础设施建设加速,相关业务成长动能逐步增强;汽车电子业务受益于全球化布局以及Leoni整合协同效应持续释放,业务规模和客户拓展稳步推进。",略增,1.59,2026-08-25
99,002475,立讯精密,扣除非经常性损益后的净利润,"预计2026年1-9月扣除非经常性损益后的净利润盈利:1,036,521.44万元至1,171,704.35万元,同比上年增长:8.63%至22.79%。",11041128950.0,15.71,"展望2026年前三季度,公司持续推进既定战略布局,围绕消费电子、通信与数据中心、汽车电子三大核心业务深化客户合作,加快重点项目落地,整体经营保持稳健发展态势,预计实现归属于上市公司股东的净利润同比增长15%-25%。面对汇率波动、原材料价格变化以及新业务持续投入等外部因素,公司充分发挥全球化产能布局、垂直一体化能力以及精密智造平台优势,持续提升运营效率和供应链协同能力,有效增强经营韧性。其中,消费电子业务持续受益于AI终端创新趋势及ODM/JDM能力提升;通信与数据中心业务围绕高速电连接、光连接、热管理、电源管理等核心方向持续推进重点项目落地,伴随AI基础设施建设加速,相关业务成长动能逐步增强;汽车电子业务受益于全球化布局以及Leoni整合协同效应持续释放,业务规模和客户拓展稳步推进。",略增,9542027500.0,2026-08-25
100,002475,立讯精密,归属于上市公司股东的净利润,"预计2026年1-9月归属于上市公司股东的净利润盈利:1,324,603.48万元至1,439,786.4万元,同比上年增长:15%至25%。",13821949400.0,20.0,"展望2026年前三季度,公司持续推进既定战略布局,围绕消费电子、通信与数据中心、汽车电子三大核心业务深化客户合作,加快重点项目落地,整体经营保持稳健发展态势,预计实现归属于上市公司股东的净利润同比增长15%-25%。面对汇率波动、原材料价格变化以及新业务持续投入等外部因素,公司充分发挥全球化产能布局、垂直一体化能力以及精密智造平台优势,持续提升运营效率和供应链协同能力,有效增强经营韧性。其中,消费电子业务持续受益于AI终端创新趋势及ODM/JDM能力提升;通信与数据中心业务围绕高速电连接、光连接、热管理、电源管理等核心方向持续推进重点项目落地,伴随AI基础设施建设加速,相关业务成长动能逐步增强;汽车电子业务受益于全球化布局以及Leoni整合协同效应持续释放,业务规模和客户拓展稳步推进。",略增,11518291200.0,2026-08-25
101,920873,中设咨询,归属于上市公司股东的净利润,预计2026年1-9月归属于上市公司股东的净利润将出现亏损。,,,"公司主要从事工程咨询服务,项目进度主要取决于客户对项目的整体规划与实施安排。公司客户以各级政府部门、政府平台公司、事业单位及国有企业为主,该类客户项目的立项、审批、实施、预算拨付及验收结算均需遵循规范的政务及国资管理流程,项目验收及结算多集中于第四季度。受此影响,公司营业收入存在明显季节性特征,第一、二、三季度收入偏少,第四季度收入占比最高。成本费用方面,公司销售费用、管理费用、研发费用为常态化经营支出,各季度发生金额较为均衡。同时,公司营业成本中人工成本等固定成本占比偏高,各季度成本支出相对平稳,无明显季节性波动。由于公司收入呈现季度集中性,而成本费用各季度相对平稳,收入与成本费用存在错配,导致公司通常第一、二、三季度因收入无法覆盖当期成本费用而出现亏损。",续亏,-33590570.23,2026-08-24
102,920269,杰锋动力,归属于上市公司股东的净利润,"预计2026年1-9月归属于上市公司股东的净利润盈利:10,000.1万元至10,999.82万元,同比上年增长:14.32%至25.75%。",104999600.0,20.035,,略增,87475200.0,2026-08-24
103,920269,杰锋动力,营业收入,"预计2026年1-9月营业收入:175,000.38万元至185,000.38万元,同比上年增长:5.04%至11.05%。",1800003800.0,8.045,,略增,1665993300.0,2026-08-24
104,920269,杰锋动力,扣除非经常性损益后的净利润,"预计2026年1-9月扣除非经常性损益后的净利润盈利:9,500万元至10,500万元,同比上年增长:12.06%至23.85%。",100000000.0,17.955,,略增,84777000.0,2026-08-24
105,688835,高凯技术,归属于上市公司股东的净利润,"预计2026年1-9月归属于上市公司股东的净利润盈利:13,000万元至15,000万元,同比上年增长:19.28%至37.63%。",140000000.0,28.455,"2026年1-9月,下游半导体、消费电子和新能源等智能制造领域客户需求上升,公司深耕压电驱动精密流体控制技术及产业化应用,以压电驱动和精密流体控制技术为底层技术,持续加大技术研发投入,为客户提供高精度、高速度、高一致性的精密流体控制部件,经营业绩实现稳步增长。",略增,108988800.0,2026-08-24
106,688835,高凯技术,营业收入,"预计2026年1-9月营业收入:46,000万元至51,000万元,同比上年增长:11.58%至23.7%。",485000000.0,17.64,"2026年1-9月,下游半导体、消费电子和新能源等智能制造领域客户需求上升,公司深耕压电驱动精密流体控制技术及产业化应用,以压电驱动和精密流体控制技术为底层技术,持续加大技术研发投入,为客户提供高精度、高速度、高一致性的精密流体控制部件,经营业绩实现稳步增长。",略增,412276200.0,2026-08-24
107,688835,高凯技术,扣除非经常性损益后的净利润,"预计2026年1-9月扣除非经常性损益后的净利润盈利:12,000万元至14,000万元,同比上年增长:14.73%至33.85%。",130000000.0,24.29,"2026年1-9月,下游半导体、消费电子和新能源等智能制造领域客户需求上升,公司深耕压电驱动精密流体控制技术及产业化应用,以压电驱动和精密流体控制技术为底层技术,持续加大技术研发投入,为客户提供高精度、高速度、高一致性的精密流体控制部件,经营业绩实现稳步增长。",略增,104596800.0,2026-08-24
108,920810,春光智能,归属于上市公司股东的净利润,预计2026年1-9月归属于上市公司股东的净利润无法实现盈利。,,,"主要系公司设备类项目三季度计划完成验收的项目数量较少,大部分已签订在手项目集中安排在第四季度完成现场调试、验收工作。公司后续将持续推进高附加值产品的销售渠道拓展,并积极落实降本增效举措,抢抓四季度项目集中验收窗口期,全力争取实现本年度的盈利目标。",不确定,4111463.7,2026-08-21
109,920575,*ST康乐,归属于上市公司股东的净利润,预计2026年1-9月归属于上市公司股东的净利润仍将持续亏损。,,,"截至本报告期末,公司疫苗产品均处于研发阶段,尚无疫苗产品上市销售,公司主营业务收入来源于销售科研用检测试剂,未能覆盖公司研发和日常经营需要,公司尚未盈利且存在累计未弥补亏损。公司在研项目实现商业化尚需时日,预计公司2026年1-9月仍将持续亏损。",续亏,-229132622.92,2026-08-21
110,920289,华汇智能,归属于上市公司股东的净利润,"预计2026年1-9月归属于上市公司股东的净利润盈利:5,800万元至6,400万元,同比上年增长:5.72%至16.66%。",61000000.0,11.19,,略增,54860300.0,2026-08-20
111,920289,华汇智能,营业收入,"预计2026年1-9月营业收入:42,000万元至46,000万元,同比上年增长:2.08%至11.8%。",440000000.0,6.94,,略增,411448000.0,2026-08-20
112,920289,华汇智能,扣除非经常性损益后的净利润,"预计2026年1-9月扣除非经常性损益后的净利润盈利:5,800万元至6,400万元,同比上年增长:5.9%至16.86%。",61000000.0,11.38,,略增,54766200.0,2026-08-20
113,920071,金钛股份,净利润,"预计2026年1-9月净利润盈利:16,500万元至17,500万元,同比上年增长:6.3%至12.74%。",170000000.0,9.52,,略增,155221000.0,2026-08-17
114,920071,金钛股份,营业收入,"预计2026年1-9月营业收入:145,000万元至150,000万元,同比上年增长:14.02%至17.95%。",1475000000.0,15.985,,略增,1271721100.0,2026-08-17
115,920071,金钛股份,扣除非经常性损益后的净利润,"预计2026年1-9月扣除非经常性损益后的净利润盈利:15,260万元至16,160万元,同比上年增长:5.14%至11.34%。",157100000.0,8.24,,略增,145141000.0,2026-08-17
116,920288,华大海天,归属于上市公司股东的净利润,"预计2026年1-9月归属于上市公司股东的净利润盈利:5,000万元至5,500万元,同比上年增长:11.73%至22.9%。",52500000.0,17.315,,略增,44751400.0,2026-08-13
117,920288,华大海天,营业收入,"预计2026年1-9月营业收入:43,000万元至48,000万元,同比上年增长:8.77%至21.41%。",455000000.0,15.09,,略增,395339100.0,2026-08-13
118,920288,华大海天,扣除非经常性损益后的净利润,"预计2026年1-9月扣除非经常性损益后的净利润盈利:4,800万元至5,300万元,同比上年增长:10.87%至22.42%。",50500000.0,16.645,,略增,43293700.0,2026-08-13
119,920093,信胜科技,归属于上市公司股东的净利润,"预计2026年1-9月归属于上市公司股东的净利润盈利:17,400万元至18,500万元,同比上年增长:15.79%至23.12%。",179500000.0,19.455,,略增,150265800.0,2026-08-10
120,920093,信胜科技,营业收入,"预计2026年1-9月营业收入:122,500万元至131,500万元,同比上年增长:17.37%至26%。",1270000000.0,21.685,,略增,1043681500.0,2026-08-10
121,920093,信胜科技,扣除非经常性损益后的净利润,"预计2026年1-9月扣除非经常性损益后的净利润盈利:16,700万元至17,800万元,同比上年增长:12.91%至20.35%。",172500000.0,16.63,,略增,147898900.0,2026-08-10
122,920809,安达科技,净利润,"预计2026年1-9月净利润盈利:17,000万元至22,000万元。",195000000.0,180.26,根据目前上游原材料价格波动、下游采购需求及市场竞争等情况。,扭亏,-242966198.59,2026-08-06
123,920059,双英集团,归属于上市公司股东的净利润,"预计2026年1-9月归属于上市公司股东的净利润盈利:4,952.46万元至5,393.25万元,同比上年增长:8.62%至18.29%。",51728550.0,13.455,,略增,45594600.0,2026-08-06
124,920059,双英集团,营业收入,"预计2026年1-9月营业收入:288,000万元至310,500万元,同比上年增长:14.32%至23.25%。",2992500000.0,18.785,,略增,2519299300.0,2026-08-06
125,920059,双英集团,扣除非经常性损益后的净利润,"预计2026年1-9月扣除非经常性损益后的净利润盈利:4,726.59万元至5,147.28万元,同比上年增长:3.13%至12.31%。",49369350.0,7.72,,略增,45831000.0,2026-08-06
126,920107,恒兴股份,归属于上市公司股东的净利润,"预计2026年1-9月归属于上市公司股东的净利润盈利:8,300万元至8,700万元,同比上年增长:0.64%至5.49%。",85000000.0,3.065,,略增,82719388.27,2026-08-03
127,920107,恒兴股份,扣除非经常性损益后的净利润,"预计2026年1-9月扣除非经常性损益后的净利润盈利:7,700万元至8,100万元,同比上年增长:0.77%至6.01%。",79000000.0,3.39,,略增,76652207.96,2026-08-03
128,920107,恒兴股份,营业收入,"预计2026年1-9月营业收入:61,700万元至64,300万元,同比上年增长:0.9%至5.15%。",630000000.0,3.025,,略增,611495018.44,2026-08-03
